{"frames": {

"Button_Menu0000":
{
	"frame": {"x":616,"y":308,"w":100,"h":106},
	"rotated": false,
	"trimmed": false,
	"spriteSourceSize": {"x":0,"y":0,"w":100,"h":106},
	"sourceSize": {"w":100,"h":106}
},
"Button_Next0000":
{
	"frame": {"x":616,"y":1,"w":152,"h":159},
	"rotated": false,
	"trimmed": false,
	"spriteSourceSize": {"x":0,"y":0,"w":152,"h":159},
	"sourceSize": {"w":152,"h":159}
},
"Button_Restart0000":
{
	"frame": {"x":865,"y":194,"w":100,"h":106},
	"rotated": false,
	"trimmed": false,
	"spriteSourceSize": {"x":0,"y":0,"w":100,"h":106},
	"sourceSize": {"w":100,"h":106}
},
"Button_Settings0000":
{
	"frame": {"x":351,"y":753,"w":80,"h":80},
	"rotated": false,
	"trimmed": false,
	"spriteSourceSize": {"x":0,"y":0,"w":80,"h":80},
	"sourceSize": {"w":80,"h":80}
},
"Finger0000":
{
	"frame": {"x":782,"y":1,"w":121,"h":179},
	"rotated": false,
	"trimmed": false,
	"spriteSourceSize": {"x":0,"y":0,"w":121,"h":179},
	"sourceSize": {"w":121,"h":179}
},
"Letter_-0000":
{
	"frame": {"x":510,"y":753,"w":45,"h":125},
	"rotated": false,
	"trimmed": false,
	"spriteSourceSize": {"x":0,"y":0,"w":45,"h":125},
	"sourceSize": {"w":45,"h":125}
},
"Letter_A0000":
{
	"frame": {"x":705,"y":611,"w":73,"h":125},
	"rotated": false,
	"trimmed": false,
	"spriteSourceSize": {"x":0,"y":0,"w":73,"h":125},
	"sourceSize": {"w":73,"h":125}
},
"Letter_B0000":
{
	"frame": {"x":420,"y":614,"w":67,"h":125},
	"rotated": false,
	"trimmed": false,
	"spriteSourceSize": {"x":0,"y":0,"w":67,"h":125},
	"sourceSize": {"w":67,"h":125}
},
"Letter_C0000":
{
	"frame": {"x":918,"y":453,"w":75,"h":125},
	"rotated": false,
	"trimmed": false,
	"spriteSourceSize": {"x":0,"y":0,"w":75,"h":125},
	"sourceSize": {"w":75,"h":125}
},
"Letter_D0000":
{
	"frame": {"x":173,"y":614,"w":71,"h":125},
	"rotated": false,
	"trimmed": false,
	"spriteSourceSize": {"x":0,"y":0,"w":71,"h":125},
	"sourceSize": {"w":71,"h":125}
},
"Letter_E0000":
{
	"frame": {"x":1,"y":753,"w":61,"h":125},
	"rotated": false,
	"trimmed": false,
	"spriteSourceSize": {"x":0,"y":0,"w":61,"h":125},
	"sourceSize": {"w":61,"h":125}
},
"Letter_F0000":
{
	"frame": {"x":76,"y":753,"w":61,"h":125},
	"rotated": false,
	"trimmed": false,
	"spriteSourceSize": {"x":0,"y":0,"w":61,"h":125},
	"sourceSize": {"w":61,"h":125}
},
"Letter_G0000":
{
	"frame": {"x":825,"y":453,"w":79,"h":125},
	"rotated": false,
	"trimmed": false,
	"spriteSourceSize": {"x":0,"y":0,"w":79,"h":125},
	"sourceSize": {"w":79,"h":125}
},
"Letter_H0000":
{
	"frame": {"x":616,"y":567,"w":75,"h":125},
	"rotated": false,
	"trimmed": false,
	"spriteSourceSize": {"x":0,"y":0,"w":75,"h":125},
	"sourceSize": {"w":75,"h":125}
},
"Letter_I0000":
{
	"frame": {"x":974,"y":592,"w":31,"h":125},
	"rotated": false,
	"trimmed": false,
	"spriteSourceSize": {"x":0,"y":0,"w":31,"h":125},
	"sourceSize": {"w":31,"h":125}
},
"Letter_J0000":
{
	"frame": {"x":445,"y":753,"w":51,"h":125},
	"rotated": false,
	"trimmed": false,
	"spriteSourceSize": {"x":0,"y":0,"w":51,"h":125},
	"sourceSize": {"w":51,"h":125}
},
"Letter_K0000":
{
	"frame": {"x":792,"y":731,"w":65,"h":125},
	"rotated": false,
	"trimmed": false,
	"spriteSourceSize": {"x":0,"y":0,"w":65,"h":125},
	"sourceSize": {"w":65,"h":125}
},
"Letter_L0000":
{
	"frame": {"x":950,"y":731,"w":59,"h":125},
	"rotated": false,
	"trimmed": false,
	"spriteSourceSize": {"x":0,"y":0,"w":59,"h":125},
	"sourceSize": {"w":59,"h":125}
},
"Letter_M0000":
{
	"frame": {"x":917,"y":1,"w":87,"h":125},
	"rotated": false,
	"trimmed": false,
	"spriteSourceSize": {"x":0,"y":0,"w":87,"h":125},
	"sourceSize": {"w":87,"h":125}
},
"Letter_N0000":
{
	"frame": {"x":1,"y":614,"w":73,"h":125},
	"rotated": false,
	"trimmed": false,
	"spriteSourceSize": {"x":0,"y":0,"w":73,"h":125},
	"sourceSize": {"w":73,"h":125}
},
"Letter_O0000":
{
	"frame": {"x":865,"y":314,"w":81,"h":125},
	"rotated": false,
	"trimmed": false,
	"spriteSourceSize": {"x":0,"y":0,"w":81,"h":125},
	"sourceSize": {"w":81,"h":125}
},
"Letter_P0000":
{
	"frame": {"x":871,"y":731,"w":65,"h":125},
	"rotated": false,
	"trimmed": false,
	"spriteSourceSize": {"x":0,"y":0,"w":65,"h":125},
	"sourceSize": {"w":65,"h":125}
},
"Letter_Q0000":
{
	"frame": {"x":730,"y":333,"w":81,"h":125},
	"rotated": false,
	"trimmed": false,
	"spriteSourceSize": {"x":0,"y":0,"w":81,"h":125},
	"sourceSize": {"w":81,"h":125}
},
"Letter_R0000":
{
	"frame": {"x":580,"y":706,"w":65,"h":125},
	"rotated": false,
	"trimmed": false,
	"spriteSourceSize": {"x":0,"y":0,"w":65,"h":125},
	"sourceSize": {"w":65,"h":125}
},
"Letter_S0000":
{
	"frame": {"x":258,"y":614,"w":67,"h":125},
	"rotated": false,
	"trimmed": false,
	"spriteSourceSize": {"x":0,"y":0,"w":67,"h":125},
	"sourceSize": {"w":67,"h":125}
},
"Letter_Space0000":
{
	"frame": {"x":569,"y":845,"w":65,"h":75},
	"rotated": false,
	"trimmed": false,
	"spriteSourceSize": {"x":0,"y":0,"w":65,"h":75},
	"sourceSize": {"w":65,"h":75}
},
"Letter_T0000":
{
	"frame": {"x":339,"y":614,"w":67,"h":125},
	"rotated": false,
	"trimmed": false,
	"spriteSourceSize": {"x":0,"y":0,"w":67,"h":125},
	"sourceSize": {"w":67,"h":125}
},
"Letter_U0000":
{
	"frame": {"x":800,"y":592,"w":73,"h":125},
	"rotated": false,
	"trimmed": false,
	"spriteSourceSize": {"x":0,"y":0,"w":73,"h":125},
	"sourceSize": {"w":73,"h":125}
},
"Letter_V0000":
{
	"frame": {"x":88,"y":614,"w":71,"h":125},
	"rotated": false,
	"trimmed": false,
	"spriteSourceSize": {"x":0,"y":0,"w":71,"h":125},
	"sourceSize": {"w":71,"h":125}
},
"Letter_W0000":
{
	"frame": {"x":754,"y":194,"w":97,"h":125},
	"rotated": false,
	"trimmed": false,
	"spriteSourceSize": {"x":0,"y":0,"w":97,"h":125},
	"sourceSize": {"w":97,"h":125}
},
"Letter_X0000":
{
	"frame": {"x":960,"y":314,"w":63,"h":125},
	"rotated": false,
	"trimmed": false,
	"spriteSourceSize": {"x":0,"y":0,"w":63,"h":125},
	"sourceSize": {"w":63,"h":125}
},
"Letter_Y0000":
{
	"frame": {"x":501,"y":614,"w":65,"h":125},
	"rotated": false,
	"trimmed": false,
	"spriteSourceSize": {"x":0,"y":0,"w":65,"h":125},
	"sourceSize": {"w":65,"h":125}
},
"Letter_Z0000":
{
	"frame": {"x":659,"y":750,"w":63,"h":125},
	"rotated": false,
	"trimmed": false,
	"spriteSourceSize": {"x":0,"y":0,"w":63,"h":125},
	"sourceSize": {"w":63,"h":125}
},
"Letter_Ã0000":
{
	"frame": {"x":887,"y":592,"w":73,"h":125},
	"rotated": false,
	"trimmed": false,
	"spriteSourceSize": {"x":0,"y":0,"w":73,"h":125},
	"sourceSize": {"w":73,"h":125}
},
"Letter_Ç0000":
{
	"frame": {"x":711,"y":472,"w":75,"h":125},
	"rotated": false,
	"trimmed": false,
	"spriteSourceSize": {"x":0,"y":0,"w":75,"h":125},
	"sourceSize": {"w":75,"h":125}
},
"Letter_Í0000":
{
	"frame": {"x":736,"y":750,"w":31,"h":125},
	"rotated": false,
	"trimmed": false,
	"spriteSourceSize": {"x":0,"y":0,"w":31,"h":125},
	"sourceSize": {"w":31,"h":125}
},
"Letter_Ó0000":
{
	"frame": {"x":616,"y":428,"w":81,"h":125},
	"rotated": false,
	"trimmed": false,
	"spriteSourceSize": {"x":0,"y":0,"w":81,"h":125},
	"sourceSize": {"w":81,"h":125}
},
"Marker0000":
{
	"frame": {"x":351,"y":847,"w":65,"h":65},
	"rotated": false,
	"trimmed": false,
	"spriteSourceSize": {"x":0,"y":0,"w":65,"h":65},
	"sourceSize": {"w":65,"h":65}
},
"Particle0000":
{
	"frame": {"x":979,"y":179,"w":22,"h":22},
	"rotated": false,
	"trimmed": false,
	"spriteSourceSize": {"x":0,"y":0,"w":22,"h":22},
	"sourceSize": {"w":22,"h":22}
},
"Rays0000":
{
	"frame": {"x":1,"y":1,"w":601,"h":599},
	"rotated": false,
	"trimmed": false,
	"spriteSourceSize": {"x":0,"y":0,"w":601,"h":599},
	"sourceSize": {"w":601,"h":599}
},
"Spline_Dot0000":
{
	"frame": {"x":995,"y":140,"w":7,"h":7},
	"rotated": false,
	"trimmed": false,
	"spriteSourceSize": {"x":0,"y":0,"w":7,"h":7},
	"sourceSize": {"w":7,"h":7}
},
"Spline_Link0000":
{
	"frame": {"x":979,"y":215,"w":4,"h":28},
	"rotated": false,
	"trimmed": false,
	"spriteSourceSize": {"x":0,"y":0,"w":4,"h":28},
	"sourceSize": {"w":4,"h":28}
},
"Spline_Marker0000":
{
	"frame": {"x":956,"y":140,"w":25,"h":25},
	"rotated": false,
	"trimmed": false,
	"spriteSourceSize": {"x":0,"y":0,"w":25,"h":25},
	"sourceSize": {"w":25,"h":25}
},
"Spline_Marker_First0000":
{
	"frame": {"x":917,"y":140,"w":25,"h":25},
	"rotated": false,
	"trimmed": false,
	"spriteSourceSize": {"x":0,"y":0,"w":25,"h":25},
	"sourceSize": {"w":25,"h":25}
},
"Star_GUI0000":
{
	"frame": {"x":151,"y":753,"w":86,"h":85},
	"rotated": false,
	"trimmed": false,
	"spriteSourceSize": {"x":0,"y":0,"w":86,"h":85},
	"sourceSize": {"w":86,"h":85}
},
"Star_GUI_Empty0000":
{
	"frame": {"x":251,"y":753,"w":86,"h":85},
	"rotated": false,
	"trimmed": false,
	"spriteSourceSize": {"x":0,"y":0,"w":86,"h":85},
	"sourceSize": {"w":86,"h":85}
},
"Star_GUI_White0000":
{
	"frame": {"x":616,"y":174,"w":124,"h":120},
	"rotated": false,
	"trimmed": false,
	"spriteSourceSize": {"x":0,"y":0,"w":124,"h":120},
	"sourceSize": {"w":124,"h":120}
},
"Star_Letter0000":
{
	"frame": {"x":227,"y":852,"w":58,"h":59},
	"rotated": false,
	"trimmed": false,
	"spriteSourceSize": {"x":0,"y":0,"w":58,"h":59},
	"sourceSize": {"w":58,"h":59}
},
"Star_Particle0000":
{
	"frame": {"x":151,"y":852,"w":62,"h":62},
	"rotated": false,
	"trimmed": false,
	"spriteSourceSize": {"x":0,"y":0,"w":62,"h":62},
	"sourceSize": {"w":62,"h":62}
}},
"meta": {
	"app": "Adobe Flash Professional",
	"version": "15.0.1.179",
	"image": "graphics_1.png",
	"format": "RGBA8888",
	"size": {"w":1024,"h":1024},
	"scale": "1"
}
}
