{"frames": {

"Letter_N_Lower0000":
{
	"frame": {"x":1879,"y":1107,"w":161,"h":191},
	"rotated": false,
	"trimmed": false,
	"spriteSourceSize": {"x":0,"y":0,"w":161,"h":191},
	"sourceSize": {"w":161,"h":191}
},
"Letter_N_Lower_Back0000":
{
	"frame": {"x":1179,"y":1589,"w":159,"h":189},
	"rotated": false,
	"trimmed": false,
	"spriteSourceSize": {"x":0,"y":0,"w":159,"h":189},
	"sourceSize": {"w":159,"h":189}
},
"Letter_N_Lower_White0000":
{
	"frame": {"x":1342,"y":1665,"w":159,"h":189},
	"rotated": false,
	"trimmed": false,
	"spriteSourceSize": {"x":0,"y":0,"w":159,"h":189},
	"sourceSize": {"w":159,"h":189}
},
"Letter_N_Upper0000":
{
	"frame": {"x":256,"y":840,"w":205,"h":275},
	"rotated": false,
	"trimmed": false,
	"spriteSourceSize": {"x":0,"y":0,"w":205,"h":275},
	"sourceSize": {"w":205,"h":275}
},
"Letter_N_Upper_Back0000":
{
	"frame": {"x":465,"y":846,"w":203,"h":273},
	"rotated": false,
	"trimmed": false,
	"spriteSourceSize": {"x":0,"y":0,"w":203,"h":273},
	"sourceSize": {"w":203,"h":273}
},
"Letter_N_Upper_White0000":
{
	"frame": {"x":212,"y":1119,"w":203,"h":273},
	"rotated": false,
	"trimmed": false,
	"spriteSourceSize": {"x":0,"y":0,"w":203,"h":273},
	"sourceSize": {"w":203,"h":273}
},
"Letter_O_Lower0000":
{
	"frame": {"x":172,"y":1665,"w":175,"h":193},
	"rotated": false,
	"trimmed": false,
	"spriteSourceSize": {"x":0,"y":0,"w":175,"h":193},
	"sourceSize": {"w":175,"h":193}
},
"Letter_O_Lower_Back0000":
{
	"frame": {"x":839,"y":1571,"w":173,"h":191},
	"rotated": false,
	"trimmed": false,
	"spriteSourceSize": {"x":0,"y":0,"w":173,"h":191},
	"sourceSize": {"w":173,"h":191}
},
"Letter_O_Lower_White0000":
{
	"frame": {"x":1088,"y":1394,"w":173,"h":191},
	"rotated": false,
	"trimmed": false,
	"spriteSourceSize": {"x":0,"y":0,"w":173,"h":191},
	"sourceSize": {"w":173,"h":191}
},
"Letter_O_Upper0000":
{
	"frame": {"x":603,"y":278,"w":253,"h":281},
	"rotated": false,
	"trimmed": false,
	"spriteSourceSize": {"x":0,"y":0,"w":253,"h":281},
	"sourceSize": {"w":253,"h":281}
},
"Letter_O_Upper_Back0000":
{
	"frame": {"x":280,"y":557,"w":251,"h":279},
	"rotated": false,
	"trimmed": false,
	"spriteSourceSize": {"x":0,"y":0,"w":251,"h":279},
	"sourceSize": {"w":251,"h":279}
},
"Letter_O_Upper_White0000":
{
	"frame": {"x":1,"y":559,"w":251,"h":279},
	"rotated": false,
	"trimmed": false,
	"spriteSourceSize": {"x":0,"y":0,"w":251,"h":279},
	"sourceSize": {"w":251,"h":279}
},
"Letter_P_Lower0000":
{
	"frame": {"x":1067,"y":282,"w":171,"h":267},
	"rotated": false,
	"trimmed": false,
	"spriteSourceSize": {"x":0,"y":0,"w":171,"h":267},
	"sourceSize": {"w":171,"h":267}
},
"Letter_P_Lower_Back0000":
{
	"frame": {"x":210,"y":1396,"w":169,"h":265},
	"rotated": false,
	"trimmed": false,
	"spriteSourceSize": {"x":0,"y":0,"w":169,"h":265},
	"sourceSize": {"w":169,"h":265}
},
"Letter_P_Lower_White0000":
{
	"frame": {"x":666,"y":1394,"w":169,"h":265},
	"rotated": false,
	"trimmed": false,
	"spriteSourceSize": {"x":0,"y":0,"w":169,"h":265},
	"sourceSize": {"w":169,"h":265}
},
"Letter_P_Upper0000":
{
	"frame": {"x":1552,"y":1384,"w":183,"h":273},
	"rotated": false,
	"trimmed": false,
	"spriteSourceSize": {"x":0,"y":0,"w":183,"h":273},
	"sourceSize": {"w":183,"h":273}
},
"Letter_P_Upper_Back0000":
{
	"frame": {"x":1343,"y":1390,"w":181,"h":271},
	"rotated": false,
	"trimmed": false,
	"spriteSourceSize": {"x":0,"y":0,"w":181,"h":271},
	"sourceSize": {"w":181,"h":271}
},
"Letter_P_Upper_White0000":
{
	"frame": {"x":1528,"y":1661,"w":181,"h":271},
	"rotated": false,
	"trimmed": false,
	"spriteSourceSize": {"x":0,"y":0,"w":181,"h":271},
	"sourceSize": {"w":181,"h":271}
},
"Letter_Q_Lower0000":
{
	"frame": {"x":668,"y":1123,"w":169,"h":267},
	"rotated": false,
	"trimmed": false,
	"spriteSourceSize": {"x":0,"y":0,"w":169,"h":267},
	"sourceSize": {"w":169,"h":267}
},
"Letter_Q_Lower_Back0000":
{
	"frame": {"x":383,"y":1503,"w":167,"h":265},
	"rotated": false,
	"trimmed": false,
	"spriteSourceSize": {"x":0,"y":0,"w":167,"h":265},
	"sourceSize": {"w":167,"h":265}
},
"Letter_Q_Lower_White0000":
{
	"frame": {"x":1,"y":1665,"w":167,"h":265},
	"rotated": false,
	"trimmed": false,
	"spriteSourceSize": {"x":0,"y":0,"w":167,"h":265},
	"sourceSize": {"w":167,"h":265}
},
"Letter_Q_Upper0000":
{
	"frame": {"x":966,"y":1,"w":277,"h":277},
	"rotated": false,
	"trimmed": false,
	"spriteSourceSize": {"x":0,"y":0,"w":277,"h":277},
	"sourceSize": {"w":277,"h":277}
},
"Letter_Q_Upper_Back0000":
{
	"frame": {"x":324,"y":278,"w":275,"h":275},
	"rotated": false,
	"trimmed": false,
	"spriteSourceSize": {"x":0,"y":0,"w":275,"h":275},
	"sourceSize": {"w":275,"h":275}
},
"Letter_Q_Upper_White0000":
{
	"frame": {"x":1,"y":280,"w":275,"h":275},
	"rotated": false,
	"trimmed": false,
	"spriteSourceSize": {"x":0,"y":0,"w":275,"h":275},
	"sourceSize": {"w":275,"h":275}
},
"Letter_R_Lower0000":
{
	"frame": {"x":1552,"y":1115,"w":107,"h":189},
	"rotated": false,
	"trimmed": false,
	"spriteSourceSize": {"x":0,"y":0,"w":107,"h":189},
	"sourceSize": {"w":107,"h":189}
},
"Letter_R_Lower_Back0000":
{
	"frame": {"x":1920,"y":1302,"w":105,"h":187},
	"rotated": false,
	"trimmed": false,
	"spriteSourceSize": {"x":0,"y":0,"w":105,"h":187},
	"sourceSize": {"w":105,"h":187}
},
"Letter_R_Lower_White0000":
{
	"frame": {"x":1898,"y":644,"w":105,"h":187},
	"rotated": false,
	"trimmed": false,
	"spriteSourceSize": {"x":0,"y":0,"w":105,"h":187},
	"sourceSize": {"w":105,"h":187}
},
"Letter_R_Upper0000":
{
	"frame": {"x":1688,"y":1107,"w":187,"h":273},
	"rotated": false,
	"trimmed": false,
	"spriteSourceSize": {"x":0,"y":0,"w":187,"h":273},
	"sourceSize": {"w":187,"h":273}
},
"Letter_R_Upper_Back0000":
{
	"frame": {"x":1363,"y":1115,"w":185,"h":271},
	"rotated": false,
	"trimmed": false,
	"spriteSourceSize": {"x":0,"y":0,"w":185,"h":271},
	"sourceSize": {"w":185,"h":271}
},
"Letter_R_Upper_White0000":
{
	"frame": {"x":1154,"y":1119,"w":185,"h":271},
	"rotated": false,
	"trimmed": false,
	"spriteSourceSize": {"x":0,"y":0,"w":185,"h":271},
	"sourceSize": {"w":185,"h":271}
},
"Letter_S_Lower0000":
{
	"frame": {"x":1894,"y":1651,"w":149,"h":191},
	"rotated": false,
	"trimmed": false,
	"spriteSourceSize": {"x":0,"y":0,"w":149,"h":191},
	"sourceSize": {"w":149,"h":191}
},
"Letter_S_Lower_Back0000":
{
	"frame": {"x":1206,"y":1858,"w":147,"h":189},
	"rotated": false,
	"trimmed": false,
	"spriteSourceSize": {"x":0,"y":0,"w":147,"h":189},
	"sourceSize": {"w":147,"h":189}
},
"Letter_S_Lower_White0000":
{
	"frame": {"x":1895,"y":836,"w":147,"h":189},
	"rotated": false,
	"trimmed": false,
	"spriteSourceSize": {"x":0,"y":0,"w":147,"h":189},
	"sourceSize": {"w":147,"h":189}
},
"Letter_S_Upper0000":
{
	"frame": {"x":1478,"y":278,"w":205,"h":281},
	"rotated": false,
	"trimmed": false,
	"spriteSourceSize": {"x":0,"y":0,"w":205,"h":281},
	"sourceSize": {"w":205,"h":281}
},
"Letter_S_Upper_Back0000":
{
	"frame": {"x":535,"y":563,"w":203,"h":279},
	"rotated": false,
	"trimmed": false,
	"spriteSourceSize": {"x":0,"y":0,"w":203,"h":279},
	"sourceSize": {"w":203,"h":279}
},
"Letter_S_Upper_White0000":
{
	"frame": {"x":860,"y":282,"w":203,"h":279},
	"rotated": false,
	"trimmed": false,
	"spriteSourceSize": {"x":0,"y":0,"w":203,"h":279},
	"sourceSize": {"w":203,"h":279}
},
"Letter_T_Lower0000":
{
	"frame": {"x":1936,"y":1,"w":105,"h":239},
	"rotated": false,
	"trimmed": false,
	"spriteSourceSize": {"x":0,"y":0,"w":105,"h":239},
	"sourceSize": {"w":105,"h":239}
},
"Letter_T_Lower_Back0000":
{
	"frame": {"x":1363,"y":840,"w":103,"h":237},
	"rotated": false,
	"trimmed": false,
	"spriteSourceSize": {"x":0,"y":0,"w":103,"h":237},
	"sourceSize": {"w":103,"h":237}
},
"Letter_T_Lower_White0000":
{
	"frame": {"x":951,"y":565,"w":103,"h":237},
	"rotated": false,
	"trimmed": false,
	"spriteSourceSize": {"x":0,"y":0,"w":103,"h":237},
	"sourceSize": {"w":103,"h":237}
},
"Letter_T_Upper0000":
{
	"frame": {"x":1247,"y":280,"w":209,"h":273},
	"rotated": false,
	"trimmed": false,
	"spriteSourceSize": {"x":0,"y":0,"w":209,"h":273},
	"sourceSize": {"w":209,"h":273}
},
"Letter_T_Upper_Back0000":
{
	"frame": {"x":1,"y":842,"w":207,"h":271},
	"rotated": false,
	"trimmed": false,
	"spriteSourceSize": {"x":0,"y":0,"w":207,"h":271},
	"sourceSize": {"w":207,"h":271}
},
"Letter_T_Upper_White0000":
{
	"frame": {"x":1,"y":1117,"w":207,"h":271},
	"rotated": false,
	"trimmed": false,
	"spriteSourceSize": {"x":0,"y":0,"w":207,"h":271},
	"sourceSize": {"w":207,"h":271}
},
"Letter_U_Lower0000":
{
	"frame": {"x":1016,"y":1589,"w":159,"h":189},
	"rotated": false,
	"trimmed": false,
	"spriteSourceSize": {"x":0,"y":0,"w":159,"h":189},
	"sourceSize": {"w":159,"h":189}
},
"Letter_U_Lower_Back0000":
{
	"frame": {"x":729,"y":1766,"w":157,"h":187},
	"rotated": false,
	"trimmed": false,
	"spriteSourceSize": {"x":0,"y":0,"w":157,"h":187},
	"sourceSize": {"w":157,"h":187}
},
"Letter_U_Lower_White0000":
{
	"frame": {"x":524,"y":1854,"w":157,"h":187},
	"rotated": false,
	"trimmed": false,
	"spriteSourceSize": {"x":0,"y":0,"w":157,"h":187},
	"sourceSize": {"w":157,"h":187}
},
"Letter_U_Upper0000":
{
	"frame": {"x":742,"y":842,"w":201,"h":277},
	"rotated": false,
	"trimmed": false,
	"spriteSourceSize": {"x":0,"y":0,"w":201,"h":277},
	"sourceSize": {"w":201,"h":277}
},
"Letter_U_Upper_Back0000":
{
	"frame": {"x":1485,"y":836,"w":199,"h":275},
	"rotated": false,
	"trimmed": false,
	"spriteSourceSize": {"x":0,"y":0,"w":199,"h":275},
	"sourceSize": {"w":199,"h":275}
},
"Letter_U_Upper_White0000":
{
	"frame": {"x":1160,"y":840,"w":199,"h":275},
	"rotated": false,
	"trimmed": false,
	"spriteSourceSize": {"x":0,"y":0,"w":199,"h":275},
	"sourceSize": {"w":199,"h":275}
},
"Letter_V_Lower0000":
{
	"frame": {"x":554,"y":1663,"w":171,"h":187},
	"rotated": false,
	"trimmed": false,
	"spriteSourceSize": {"x":0,"y":0,"w":171,"h":187},
	"sourceSize": {"w":171,"h":187}
},
"Letter_V_Lower_Back0000":
{
	"frame": {"x":172,"y":1862,"w":169,"h":185},
	"rotated": false,
	"trimmed": false,
	"spriteSourceSize": {"x":0,"y":0,"w":169,"h":185},
	"sourceSize": {"w":169,"h":185}
},
"Letter_V_Lower_White0000":
{
	"frame": {"x":351,"y":1772,"w":169,"h":185},
	"rotated": false,
	"trimmed": false,
	"spriteSourceSize": {"x":0,"y":0,"w":169,"h":185},
	"sourceSize": {"w":169,"h":185}
},
"Letter_V_Upper0000":
{
	"frame": {"x":1247,"y":1,"w":227,"h":275},
	"rotated": false,
	"trimmed": false,
	"spriteSourceSize": {"x":0,"y":0,"w":227,"h":275},
	"sourceSize": {"w":227,"h":275}
},
"Letter_V_Upper_Back0000":
{
	"frame": {"x":1478,"y":1,"w":225,"h":273},
	"rotated": false,
	"trimmed": false,
	"spriteSourceSize": {"x":0,"y":0,"w":225,"h":273},
	"sourceSize": {"w":225,"h":273}
},
"Letter_V_Upper_White0000":
{
	"frame": {"x":1707,"y":1,"w":225,"h":273},
	"rotated": false,
	"trimmed": false,
	"spriteSourceSize": {"x":0,"y":0,"w":225,"h":273},
	"sourceSize": {"w":225,"h":273}
},
"Letter_W_Lower0000":
{
	"frame": {"x":419,"y":1123,"w":245,"h":187},
	"rotated": false,
	"trimmed": false,
	"spriteSourceSize": {"x":0,"y":0,"w":245,"h":187},
	"sourceSize": {"w":245,"h":187}
},
"Letter_W_Lower_Back0000":
{
	"frame": {"x":841,"y":1382,"w":243,"h":185},
	"rotated": false,
	"trimmed": false,
	"spriteSourceSize": {"x":0,"y":0,"w":243,"h":185},
	"sourceSize": {"w":243,"h":185}
},
"Letter_W_Lower_White0000":
{
	"frame": {"x":419,"y":1314,"w":243,"h":185},
	"rotated": false,
	"trimmed": false,
	"spriteSourceSize": {"x":0,"y":0,"w":243,"h":185},
	"sourceSize": {"w":243,"h":185}
},
"Letter_W_Upper0000":
{
	"frame": {"x":1,"y":1,"w":319,"h":275},
	"rotated": false,
	"trimmed": false,
	"spriteSourceSize": {"x":0,"y":0,"w":319,"h":275},
	"sourceSize": {"w":319,"h":275}
},
"Letter_W_Upper_Back0000":
{
	"frame": {"x":645,"y":1,"w":317,"h":273},
	"rotated": false,
	"trimmed": false,
	"spriteSourceSize": {"x":0,"y":0,"w":317,"h":273},
	"sourceSize": {"w":317,"h":273}
},
"Letter_W_Upper_White0000":
{
	"frame": {"x":324,"y":1,"w":317,"h":273},
	"rotated": false,
	"trimmed": false,
	"spriteSourceSize": {"x":0,"y":0,"w":317,"h":273},
	"sourceSize": {"w":317,"h":273}
},
"Letter_X_Lower0000":
{
	"frame": {"x":890,"y":1782,"w":155,"h":187},
	"rotated": false,
	"trimmed": false,
	"spriteSourceSize": {"x":0,"y":0,"w":155,"h":187},
	"sourceSize": {"w":155,"h":187}
},
"Letter_X_Lower_Back0000":
{
	"frame": {"x":1894,"y":1846,"w":153,"h":185},
	"rotated": false,
	"trimmed": false,
	"spriteSourceSize": {"x":0,"y":0,"w":153,"h":185},
	"sourceSize": {"w":153,"h":185}
},
"Letter_X_Lower_White0000":
{
	"frame": {"x":1049,"y":1782,"w":153,"h":185},
	"rotated": false,
	"trimmed": false,
	"spriteSourceSize": {"x":0,"y":0,"w":153,"h":185},
	"sourceSize": {"w":153,"h":185}
},
"Letter_X_Upper0000":
{
	"frame": {"x":1687,"y":557,"w":207,"h":275},
	"rotated": false,
	"trimmed": false,
	"spriteSourceSize": {"x":0,"y":0,"w":207,"h":275},
	"sourceSize": {"w":207,"h":275}
},
"Letter_X_Upper_Back0000":
{
	"frame": {"x":1276,"y":563,"w":205,"h":273},
	"rotated": false,
	"trimmed": false,
	"spriteSourceSize": {"x":0,"y":0,"w":205,"h":273},
	"sourceSize": {"w":205,"h":273}
},
"Letter_X_Upper_White0000":
{
	"frame": {"x":742,"y":565,"w":205,"h":273},
	"rotated": false,
	"trimmed": false,
	"spriteSourceSize": {"x":0,"y":0,"w":205,"h":273},
	"sourceSize": {"w":205,"h":273}
},
"Letter_Y_Lower0000":
{
	"frame": {"x":1485,"y":563,"w":179,"h":265},
	"rotated": false,
	"trimmed": false,
	"spriteSourceSize": {"x":0,"y":0,"w":179,"h":265},
	"sourceSize": {"w":179,"h":265}
},
"Letter_Y_Lower_Back0000":
{
	"frame": {"x":1713,"y":1661,"w":177,"h":263},
	"rotated": false,
	"trimmed": false,
	"spriteSourceSize": {"x":0,"y":0,"w":177,"h":263},
	"sourceSize": {"w":177,"h":263}
},
"Letter_Y_Lower_White0000":
{
	"frame": {"x":1739,"y":1384,"w":177,"h":263},
	"rotated": false,
	"trimmed": false,
	"spriteSourceSize": {"x":0,"y":0,"w":177,"h":263},
	"sourceSize": {"w":177,"h":263}
},
"Letter_Y_Upper0000":
{
	"frame": {"x":1687,"y":278,"w":207,"h":275},
	"rotated": false,
	"trimmed": false,
	"spriteSourceSize": {"x":0,"y":0,"w":207,"h":275},
	"sourceSize": {"w":207,"h":275}
},
"Letter_Y_Upper_Back0000":
{
	"frame": {"x":951,"y":834,"w":205,"h":273},
	"rotated": false,
	"trimmed": false,
	"spriteSourceSize": {"x":0,"y":0,"w":205,"h":273},
	"sourceSize": {"w":205,"h":273}
},
"Letter_Y_Upper_White0000":
{
	"frame": {"x":1067,"y":557,"w":205,"h":273},
	"rotated": false,
	"trimmed": false,
	"spriteSourceSize": {"x":0,"y":0,"w":205,"h":273},
	"sourceSize": {"w":205,"h":273}
},
"Letter_Z_Lower0000":
{
	"frame": {"x":1357,"y":1858,"w":147,"h":181},
	"rotated": false,
	"trimmed": false,
	"spriteSourceSize": {"x":0,"y":0,"w":147,"h":181},
	"sourceSize": {"w":147,"h":181}
},
"Letter_Z_Lower_Back0000":
{
	"frame": {"x":1898,"y":278,"w":145,"h":179},
	"rotated": false,
	"trimmed": false,
	"spriteSourceSize": {"x":0,"y":0,"w":145,"h":179},
	"sourceSize": {"w":145,"h":179}
},
"Letter_Z_Lower_White0000":
{
	"frame": {"x":1898,"y":461,"w":145,"h":179},
	"rotated": false,
	"trimmed": false,
	"spriteSourceSize": {"x":0,"y":0,"w":145,"h":179},
	"sourceSize": {"w":145,"h":179}
},
"Letter_Z_Upper0000":
{
	"frame": {"x":1,"y":1392,"w":205,"h":269},
	"rotated": false,
	"trimmed": false,
	"spriteSourceSize": {"x":0,"y":0,"w":205,"h":269},
	"sourceSize": {"w":205,"h":269}
},
"Letter_Z_Upper_Back0000":
{
	"frame": {"x":947,"y":1111,"w":203,"h":267},
	"rotated": false,
	"trimmed": false,
	"spriteSourceSize": {"x":0,"y":0,"w":203,"h":267},
	"sourceSize": {"w":203,"h":267}
},
"Letter_Z_Upper_White0000":
{
	"frame": {"x":1688,"y":836,"w":203,"h":267},
	"rotated": false,
	"trimmed": false,
	"spriteSourceSize": {"x":0,"y":0,"w":203,"h":267},
	"sourceSize": {"w":203,"h":267}
}},
"meta": {
	"app": "Adobe Flash Professional",
	"version": "15.0.1.179",
	"image": "letters_2.png",
	"format": "RGBA8888",
	"size": {"w":2048,"h":2048},
	"scale": "1"
}
}
