{"frames": {

"Letter_A_Lower0000":
{
	"frame": {"x":1167,"y":1537,"w":159,"h":193},
	"rotated": false,
	"trimmed": false,
	"spriteSourceSize": {"x":0,"y":0,"w":159,"h":193},
	"sourceSize": {"w":159,"h":193}
},
"Letter_A_Lower_Back0000":
{
	"frame": {"x":1330,"y":1537,"w":157,"h":191},
	"rotated": false,
	"trimmed": false,
	"spriteSourceSize": {"x":0,"y":0,"w":157,"h":191},
	"sourceSize": {"w":157,"h":191}
},
"Letter_A_Lower_White0000":
{
	"frame": {"x":521,"y":1773,"w":157,"h":191},
	"rotated": false,
	"trimmed": false,
	"spriteSourceSize": {"x":0,"y":0,"w":157,"h":191},
	"sourceSize": {"w":157,"h":191}
},
"Letter_A_Upper0000":
{
	"frame": {"x":1,"y":1408,"w":235,"h":275},
	"rotated": false,
	"trimmed": false,
	"spriteSourceSize": {"x":0,"y":0,"w":235,"h":275},
	"sourceSize": {"w":235,"h":275}
},
"Letter_A_Upper_Back0000":
{
	"frame": {"x":1542,"y":1,"w":231,"h":271},
	"rotated": false,
	"trimmed": false,
	"spriteSourceSize": {"x":0,"y":0,"w":231,"h":271},
	"sourceSize": {"w":231,"h":271}
},
"Letter_A_Upper_White0000":
{
	"frame": {"x":1777,"y":1,"w":231,"h":271},
	"rotated": false,
	"trimmed": false,
	"spriteSourceSize": {"x":0,"y":0,"w":231,"h":271},
	"sourceSize": {"w":231,"h":271}
},
"Letter_B_Lower0000":
{
	"frame": {"x":1747,"y":276,"w":167,"h":315},
	"rotated": false,
	"trimmed": false,
	"spriteSourceSize": {"x":0,"y":0,"w":167,"h":315},
	"sourceSize": {"w":167,"h":315}
},
"Letter_B_Lower_Back0000":
{
	"frame": {"x":521,"y":1456,"w":165,"h":313},
	"rotated": false,
	"trimmed": false,
	"spriteSourceSize": {"x":0,"y":0,"w":165,"h":313},
	"sourceSize": {"w":165,"h":313}
},
"Letter_B_Lower_White0000":
{
	"frame": {"x":606,"y":902,"w":165,"h":313},
	"rotated": false,
	"trimmed": false,
	"spriteSourceSize": {"x":0,"y":0,"w":165,"h":313},
	"sourceSize": {"w":165,"h":313}
},
"Letter_B_Upper0000":
{
	"frame": {"x":664,"y":629,"w":189,"h":269},
	"rotated": false,
	"trimmed": false,
	"spriteSourceSize": {"x":0,"y":0,"w":189,"h":269},
	"sourceSize": {"w":189,"h":269}
},
"Letter_B_Upper_Back0000":
{
	"frame": {"x":1550,"y":555,"w":185,"h":265},
	"rotated": false,
	"trimmed": false,
	"spriteSourceSize": {"x":0,"y":0,"w":185,"h":265},
	"sourceSize": {"w":185,"h":265}
},
"Letter_B_Upper_White0000":
{
	"frame": {"x":775,"y":902,"w":185,"h":265},
	"rotated": false,
	"trimmed": false,
	"spriteSourceSize": {"x":0,"y":0,"w":185,"h":265},
	"sourceSize": {"w":185,"h":265}
},
"Letter_C_Lower0000":
{
	"frame": {"x":682,"y":1773,"w":155,"h":191},
	"rotated": false,
	"trimmed": false,
	"spriteSourceSize": {"x":0,"y":0,"w":155,"h":191},
	"sourceSize": {"w":155,"h":191}
},
"Letter_C_Lower_Back0000":
{
	"frame": {"x":1741,"y":1436,"w":153,"h":187},
	"rotated": false,
	"trimmed": false,
	"spriteSourceSize": {"x":0,"y":0,"w":153,"h":187},
	"sourceSize": {"w":153,"h":187}
},
"Letter_C_Lower_White0000":
{
	"frame": {"x":1584,"y":1436,"w":153,"h":187},
	"rotated": false,
	"trimmed": false,
	"spriteSourceSize": {"x":0,"y":0,"w":153,"h":187},
	"sourceSize": {"w":153,"h":187}
},
"Letter_C_Upper0000":
{
	"frame": {"x":1,"y":1687,"w":229,"h":281},
	"rotated": false,
	"trimmed": false,
	"spriteSourceSize": {"x":0,"y":0,"w":229,"h":281},
	"sourceSize": {"w":229,"h":281}
},
"Letter_C_Upper_Back0000":
{
	"frame": {"x":937,"y":1,"w":227,"h":279},
	"rotated": false,
	"trimmed": false,
	"spriteSourceSize": {"x":0,"y":0,"w":227,"h":279},
	"sourceSize": {"w":227,"h":279}
},
"Letter_C_Upper_White0000":
{
	"frame": {"x":706,"y":1,"w":227,"h":279},
	"rotated": false,
	"trimmed": false,
	"spriteSourceSize": {"x":0,"y":0,"w":227,"h":279},
	"sourceSize": {"w":227,"h":279}
},
"Letter_D_Lower0000":
{
	"frame": {"x":1377,"y":350,"w":169,"h":315},
	"rotated": false,
	"trimmed": false,
	"spriteSourceSize": {"x":0,"y":0,"w":169,"h":315},
	"sourceSize": {"w":169,"h":315}
},
"Letter_D_Lower_Back0000":
{
	"frame": {"x":240,"y":842,"w":167,"h":313},
	"rotated": false,
	"trimmed": false,
	"spriteSourceSize": {"x":0,"y":0,"w":167,"h":313},
	"sourceSize": {"w":167,"h":313}
},
"Letter_D_Lower_White0000":
{
	"frame": {"x":240,"y":1159,"w":167,"h":313},
	"rotated": false,
	"trimmed": false,
	"spriteSourceSize": {"x":0,"y":0,"w":167,"h":313},
	"sourceSize": {"w":167,"h":313}
},
"Letter_D_Upper0000":
{
	"frame": {"x":453,"y":629,"w":207,"h":269},
	"rotated": false,
	"trimmed": false,
	"spriteSourceSize": {"x":0,"y":0,"w":207,"h":269},
	"sourceSize": {"w":207,"h":269}
},
"Letter_D_Upper_Back0000":
{
	"frame": {"x":885,"y":284,"w":205,"h":267},
	"rotated": false,
	"trimmed": false,
	"spriteSourceSize": {"x":0,"y":0,"w":205,"h":267},
	"sourceSize": {"w":205,"h":267}
},
"Letter_D_Upper_White0000":
{
	"frame": {"x":676,"y":352,"w":205,"h":267},
	"rotated": false,
	"trimmed": false,
	"spriteSourceSize": {"x":0,"y":0,"w":205,"h":267},
	"sourceSize": {"w":205,"h":267}
},
"Letter_E_Lower0000":
{
	"frame": {"x":1230,"y":1145,"w":167,"h":193},
	"rotated": false,
	"trimmed": false,
	"spriteSourceSize": {"x":0,"y":0,"w":167,"h":193},
	"sourceSize": {"w":167,"h":193}
},
"Letter_E_Lower_Back0000":
{
	"frame": {"x":1230,"y":1342,"w":165,"h":191},
	"rotated": false,
	"trimmed": false,
	"spriteSourceSize": {"x":0,"y":0,"w":165,"h":191},
	"sourceSize": {"w":165,"h":191}
},
"Letter_E_Lower_White0000":
{
	"frame": {"x":606,"y":1219,"w":165,"h":191},
	"rotated": false,
	"trimmed": false,
	"spriteSourceSize": {"x":0,"y":0,"w":165,"h":191},
	"sourceSize": {"w":165,"h":191}
},
"Letter_E_Upper0000":
{
	"frame": {"x":1739,"y":595,"w":173,"h":269},
	"rotated": false,
	"trimmed": false,
	"spriteSourceSize": {"x":0,"y":0,"w":173,"h":269},
	"sourceSize": {"w":173,"h":269}
},
"Letter_E_Upper_Back0000":
{
	"frame": {"x":1302,"y":868,"w":171,"h":267},
	"rotated": false,
	"trimmed": false,
	"spriteSourceSize": {"x":0,"y":0,"w":171,"h":267},
	"sourceSize": {"w":171,"h":267}
},
"Letter_E_Upper_White0000":
{
	"frame": {"x":1477,"y":824,"w":171,"h":267},
	"rotated": false,
	"trimmed": false,
	"spriteSourceSize": {"x":0,"y":0,"w":171,"h":267},
	"sourceSize": {"w":171,"h":267}
},
"Letter_F_Lower0000":
{
	"frame": {"x":1922,"y":1157,"w":121,"h":277},
	"rotated": false,
	"trimmed": false,
	"spriteSourceSize": {"x":0,"y":0,"w":121,"h":277},
	"sourceSize": {"w":121,"h":277}
},
"Letter_F_Lower_Back0000":
{
	"frame": {"x":1918,"y":276,"w":119,"h":275},
	"rotated": false,
	"trimmed": false,
	"spriteSourceSize": {"x":0,"y":0,"w":119,"h":275},
	"sourceSize": {"w":119,"h":275}
},
"Letter_F_Lower_White0000":
{
	"frame": {"x":1107,"y":1159,"w":119,"h":275},
	"rotated": false,
	"trimmed": false,
	"spriteSourceSize": {"x":0,"y":0,"w":119,"h":275},
	"sourceSize": {"w":119,"h":275}
},
"Letter_F_Upper0000":
{
	"frame": {"x":1129,"y":868,"w":169,"h":273},
	"rotated": false,
	"trimmed": false,
	"spriteSourceSize": {"x":0,"y":0,"w":169,"h":273},
	"sourceSize": {"w":169,"h":273}
},
"Letter_F_Upper_Back0000":
{
	"frame": {"x":1056,"y":555,"w":167,"h":271},
	"rotated": false,
	"trimmed": false,
	"spriteSourceSize": {"x":0,"y":0,"w":167,"h":271},
	"sourceSize": {"w":167,"h":271}
},
"Letter_F_Upper_White0000":
{
	"frame": {"x":885,"y":555,"w":167,"h":271},
	"rotated": false,
	"trimmed": false,
	"spriteSourceSize": {"x":0,"y":0,"w":167,"h":271},
	"sourceSize": {"w":167,"h":271}
},
"Letter_G_Lower0000":
{
	"frame": {"x":517,"y":1,"w":185,"h":347},
	"rotated": false,
	"trimmed": false,
	"spriteSourceSize": {"x":0,"y":0,"w":185,"h":347},
	"sourceSize": {"w":185,"h":347}
},
"Letter_G_Lower_Back0000":
{
	"frame": {"x":1168,"y":1,"w":183,"h":345},
	"rotated": false,
	"trimmed": false,
	"spriteSourceSize": {"x":0,"y":0,"w":183,"h":345},
	"sourceSize": {"w":183,"h":345}
},
"Letter_G_Lower_White0000":
{
	"frame": {"x":1355,"y":1,"w":183,"h":345},
	"rotated": false,
	"trimmed": false,
	"spriteSourceSize": {"x":0,"y":0,"w":183,"h":345},
	"sourceSize": {"w":183,"h":345}
},
"Letter_G_Upper0000":
{
	"frame": {"x":1,"y":557,"w":237,"h":281},
	"rotated": false,
	"trimmed": false,
	"spriteSourceSize": {"x":0,"y":0,"w":237,"h":281},
	"sourceSize": {"w":237,"h":281}
},
"Letter_G_Upper_Back0000":
{
	"frame": {"x":1,"y":842,"w":235,"h":279},
	"rotated": false,
	"trimmed": false,
	"spriteSourceSize": {"x":0,"y":0,"w":235,"h":279},
	"sourceSize": {"w":235,"h":279}
},
"Letter_G_Upper_White0000":
{
	"frame": {"x":1,"y":1125,"w":235,"h":279},
	"rotated": false,
	"trimmed": false,
	"spriteSourceSize": {"x":0,"y":0,"w":235,"h":279},
	"sourceSize": {"w":235,"h":279}
},
"Letter_H_Lower0000":
{
	"frame": {"x":964,"y":868,"w":161,"h":287},
	"rotated": false,
	"trimmed": false,
	"spriteSourceSize": {"x":0,"y":0,"w":161,"h":287},
	"sourceSize": {"w":161,"h":287}
},
"Letter_H_Lower_Back0000":
{
	"frame": {"x":1652,"y":868,"w":159,"h":285},
	"rotated": false,
	"trimmed": false,
	"spriteSourceSize": {"x":0,"y":0,"w":159,"h":285},
	"sourceSize": {"w":159,"h":285}
},
"Letter_H_Lower_White0000":
{
	"frame": {"x":1815,"y":868,"w":159,"h":285},
	"rotated": false,
	"trimmed": false,
	"spriteSourceSize": {"x":0,"y":0,"w":159,"h":285},
	"sourceSize": {"w":159,"h":285}
},
"Letter_H_Upper0000":
{
	"frame": {"x":242,"y":557,"w":207,"h":275},
	"rotated": false,
	"trimmed": false,
	"spriteSourceSize": {"x":0,"y":0,"w":207,"h":275},
	"sourceSize": {"w":207,"h":275}
},
"Letter_H_Upper_Back0000":
{
	"frame": {"x":258,"y":280,"w":205,"h":273},
	"rotated": false,
	"trimmed": false,
	"spriteSourceSize": {"x":0,"y":0,"w":205,"h":273},
	"sourceSize": {"w":205,"h":273}
},
"Letter_H_Upper_White0000":
{
	"frame": {"x":467,"y":352,"w":205,"h":273},
	"rotated": false,
	"trimmed": false,
	"spriteSourceSize": {"x":0,"y":0,"w":205,"h":273},
	"sourceSize": {"w":205,"h":273}
},
"Letter_I_Lower0000":
{
	"frame": {"x":1989,"y":1438,"w":51,"h":261},
	"rotated": false,
	"trimmed": false,
	"spriteSourceSize": {"x":0,"y":0,"w":51,"h":261},
	"sourceSize": {"w":51,"h":261}
},
"Letter_I_Lower_Back0000":
{
	"frame": {"x":1056,"y":1735,"w":49,"h":259},
	"rotated": false,
	"trimmed": false,
	"spriteSourceSize": {"x":0,"y":0,"w":49,"h":259},
	"sourceSize": {"w":49,"h":259}
},
"Letter_I_Lower_White0000":
{
	"frame": {"x":1003,"y":1735,"w":49,"h":259},
	"rotated": false,
	"trimmed": false,
	"spriteSourceSize": {"x":0,"y":0,"w":49,"h":259},
	"sourceSize": {"w":49,"h":259}
},
"Letter_I_Upper0000":
{
	"frame": {"x":1675,"y":1627,"w":85,"h":277},
	"rotated": false,
	"trimmed": false,
	"spriteSourceSize": {"x":0,"y":0,"w":85,"h":277},
	"sourceSize": {"w":85,"h":277}
},
"Letter_I_Upper_Back0000":
{
	"frame": {"x":1764,"y":1627,"w":83,"h":275},
	"rotated": false,
	"trimmed": false,
	"spriteSourceSize": {"x":0,"y":0,"w":83,"h":275},
	"sourceSize": {"w":83,"h":275}
},
"Letter_I_Upper_White0000":
{
	"frame": {"x":841,"y":1739,"w":83,"h":275},
	"rotated": false,
	"trimmed": false,
	"spriteSourceSize": {"x":0,"y":0,"w":83,"h":275},
	"sourceSize": {"w":83,"h":275}
},
"Letter_J_Lower0000":
{
	"frame": {"x":1491,"y":1384,"w":89,"h":325},
	"rotated": false,
	"trimmed": false,
	"spriteSourceSize": {"x":0,"y":0,"w":89,"h":325},
	"sourceSize": {"w":89,"h":325}
},
"Letter_J_Lower_Back0000":
{
	"frame": {"x":1584,"y":1627,"w":87,"h":323},
	"rotated": false,
	"trimmed": false,
	"spriteSourceSize": {"x":0,"y":0,"w":87,"h":323},
	"sourceSize": {"w":87,"h":323}
},
"Letter_J_Lower_White0000":
{
	"frame": {"x":1898,"y":1438,"w":87,"h":323},
	"rotated": false,
	"trimmed": false,
	"spriteSourceSize": {"x":0,"y":0,"w":87,"h":323},
	"sourceSize": {"w":87,"h":323}
},
"Letter_J_Upper0000":
{
	"frame": {"x":1227,"y":545,"w":143,"h":277},
	"rotated": false,
	"trimmed": false,
	"spriteSourceSize": {"x":0,"y":0,"w":143,"h":277},
	"sourceSize": {"w":143,"h":277}
},
"Letter_J_Upper_Back0000":
{
	"frame": {"x":1632,"y":1157,"w":141,"h":275},
	"rotated": false,
	"trimmed": false,
	"spriteSourceSize": {"x":0,"y":0,"w":141,"h":275},
	"sourceSize": {"w":141,"h":275}
},
"Letter_J_Upper_White0000":
{
	"frame": {"x":1777,"y":1157,"w":141,"h":275},
	"rotated": false,
	"trimmed": false,
	"spriteSourceSize": {"x":0,"y":0,"w":141,"h":275},
	"sourceSize": {"w":141,"h":275}
},
"Letter_K_Lower0000":
{
	"frame": {"x":690,"y":1448,"w":153,"h":287},
	"rotated": false,
	"trimmed": false,
	"spriteSourceSize": {"x":0,"y":0,"w":153,"h":287},
	"sourceSize": {"w":153,"h":287}
},
"Letter_K_Lower_Back0000":
{
	"frame": {"x":1012,"y":1446,"w":151,"h":285},
	"rotated": false,
	"trimmed": false,
	"spriteSourceSize": {"x":0,"y":0,"w":151,"h":285},
	"sourceSize": {"w":151,"h":285}
},
"Letter_K_Lower_White0000":
{
	"frame": {"x":1477,"y":1095,"w":151,"h":285},
	"rotated": false,
	"trimmed": false,
	"spriteSourceSize": {"x":0,"y":0,"w":151,"h":285},
	"sourceSize": {"w":151,"h":285}
},
"Letter_K_Upper0000":
{
	"frame": {"x":1550,"y":276,"w":193,"h":275},
	"rotated": false,
	"trimmed": false,
	"spriteSourceSize": {"x":0,"y":0,"w":193,"h":275},
	"sourceSize": {"w":193,"h":275}
},
"Letter_K_Upper_Back0000":
{
	"frame": {"x":411,"y":902,"w":191,"h":273},
	"rotated": false,
	"trimmed": false,
	"spriteSourceSize": {"x":0,"y":0,"w":191,"h":273},
	"sourceSize": {"w":191,"h":273}
},
"Letter_K_Upper_White0000":
{
	"frame": {"x":411,"y":1179,"w":191,"h":273},
	"rotated": false,
	"trimmed": false,
	"spriteSourceSize": {"x":0,"y":0,"w":191,"h":273},
	"sourceSize": {"w":191,"h":273}
},
"Letter_L_Lower0000":
{
	"frame": {"x":928,"y":1723,"w":71,"h":287},
	"rotated": false,
	"trimmed": false,
	"spriteSourceSize": {"x":0,"y":0,"w":71,"h":287},
	"sourceSize": {"w":71,"h":287}
},
"Letter_L_Lower_Back0000":
{
	"frame": {"x":1978,"y":555,"w":69,"h":285},
	"rotated": false,
	"trimmed": false,
	"spriteSourceSize": {"x":0,"y":0,"w":69,"h":285},
	"sourceSize": {"w":69,"h":285}
},
"Letter_L_Lower_White0000":
{
	"frame": {"x":1978,"y":844,"w":69,"h":285},
	"rotated": false,
	"trimmed": false,
	"spriteSourceSize": {"x":0,"y":0,"w":69,"h":285},
	"sourceSize": {"w":69,"h":285}
},
"Letter_L_Upper0000":
{
	"frame": {"x":775,"y":1171,"w":163,"h":273},
	"rotated": false,
	"trimmed": false,
	"spriteSourceSize": {"x":0,"y":0,"w":163,"h":273},
	"sourceSize": {"w":163,"h":273}
},
"Letter_L_Upper_Back0000":
{
	"frame": {"x":942,"y":1171,"w":161,"h":271},
	"rotated": false,
	"trimmed": false,
	"spriteSourceSize": {"x":0,"y":0,"w":161,"h":271},
	"sourceSize": {"w":161,"h":271}
},
"Letter_L_Upper_White0000":
{
	"frame": {"x":847,"y":1448,"w":161,"h":271},
	"rotated": false,
	"trimmed": false,
	"spriteSourceSize": {"x":0,"y":0,"w":161,"h":271},
	"sourceSize": {"w":161,"h":271}
},
"Letter_M_Lower0000":
{
	"frame": {"x":1094,"y":350,"w":279,"h":191},
	"rotated": false,
	"trimmed": false,
	"spriteSourceSize": {"x":0,"y":0,"w":279,"h":191},
	"sourceSize": {"w":279,"h":191}
},
"Letter_M_Lower_Back0000":
{
	"frame": {"x":240,"y":1476,"w":277,"h":187},
	"rotated": false,
	"trimmed": false,
	"spriteSourceSize": {"x":0,"y":0,"w":277,"h":187},
	"sourceSize": {"w":277,"h":187}
},
"Letter_M_Lower_White0000":
{
	"frame": {"x":240,"y":1667,"w":277,"h":187},
	"rotated": false,
	"trimmed": false,
	"spriteSourceSize": {"x":0,"y":0,"w":277,"h":187},
	"sourceSize": {"w":277,"h":187}
},
"Letter_M_Upper0000":
{
	"frame": {"x":1,"y":1,"w":255,"h":275},
	"rotated": false,
	"trimmed": false,
	"spriteSourceSize": {"x":0,"y":0,"w":255,"h":275},
	"sourceSize": {"w":255,"h":275}
},
"Letter_M_Upper_Back0000":
{
	"frame": {"x":1,"y":280,"w":253,"h":273},
	"rotated": false,
	"trimmed": false,
	"spriteSourceSize": {"x":0,"y":0,"w":253,"h":273},
	"sourceSize": {"w":253,"h":273}
},
"Letter_M_Upper_White0000":
{
	"frame": {"x":260,"y":1,"w":253,"h":273},
	"rotated": false,
	"trimmed": false,
	"spriteSourceSize": {"x":0,"y":0,"w":253,"h":273},
	"sourceSize": {"w":253,"h":273}
}},
"meta": {
	"app": "Adobe Flash Professional",
	"version": "15.0.1.179",
	"image": "letters_1.png",
	"format": "RGBA8888",
	"size": {"w":2048,"h":2048},
	"scale": "1"
}
}
