{"frames": {

"Button_Hint0000":
{
	"frame": {"x":863,"y":1,"w":61,"h":72},
	"rotated": false,
	"trimmed": false,
	"spriteSourceSize": {"x":0,"y":0,"w":61,"h":72},
	"sourceSize": {"w":61,"h":72}
},
"Button_Home0000":
{
	"frame": {"x":925,"y":1,"w":80,"h":80},
	"rotated": false,
	"trimmed": false,
	"spriteSourceSize": {"x":0,"y":0,"w":80,"h":80},
	"sourceSize": {"w":80,"h":80}
},
"Button_Settings0000":
{
	"frame": {"x":1,"y":482,"w":80,"h":80},
	"rotated": false,
	"trimmed": false,
	"spriteSourceSize": {"x":0,"y":0,"w":80,"h":80},
	"sourceSize": {"w":80,"h":80}
},
"Button_Sound_Off0000":
{
	"frame": {"x":82,"y":482,"w":80,"h":80},
	"rotated": false,
	"trimmed": false,
	"spriteSourceSize": {"x":0,"y":0,"w":80,"h":80},
	"sourceSize": {"w":80,"h":80}
},
"Button_Sound_On0000":
{
	"frame": {"x":163,"y":482,"w":80,"h":80},
	"rotated": false,
	"trimmed": false,
	"spriteSourceSize": {"x":0,"y":0,"w":80,"h":80},
	"sourceSize": {"w":80,"h":80}
},
"Comma0000":
{
	"frame": {"x":244,"y":482,"w":18,"h":26},
	"rotated": false,
	"trimmed": false,
	"spriteSourceSize": {"x":0,"y":0,"w":18,"h":26},
	"sourceSize": {"w":18,"h":26}
},
"Comma0001":
{
	"frame": {"x":263,"y":482,"w":18,"h":26},
	"rotated": false,
	"trimmed": false,
	"spriteSourceSize": {"x":0,"y":0,"w":18,"h":26},
	"sourceSize": {"w":18,"h":26}
},
"Comma0002":
{
	"frame": {"x":282,"y":482,"w":18,"h":26},
	"rotated": false,
	"trimmed": false,
	"spriteSourceSize": {"x":0,"y":0,"w":18,"h":26},
	"sourceSize": {"w":18,"h":26}
},
"Confetti_10000":
{
	"frame": {"x":696,"y":1,"w":26,"h":30},
	"rotated": false,
	"trimmed": false,
	"spriteSourceSize": {"x":0,"y":0,"w":26,"h":30},
	"sourceSize": {"w":26,"h":30}
},
"Confetti_20000":
{
	"frame": {"x":723,"y":1,"w":24,"h":24},
	"rotated": false,
	"trimmed": false,
	"spriteSourceSize": {"x":0,"y":0,"w":24,"h":24},
	"sourceSize": {"w":24,"h":24}
},
"Confetti_30000":
{
	"frame": {"x":748,"y":1,"w":18,"h":26},
	"rotated": false,
	"trimmed": false,
	"spriteSourceSize": {"x":0,"y":0,"w":18,"h":26},
	"sourceSize": {"w":18,"h":26}
},
"Confetti_40000":
{
	"frame": {"x":767,"y":1,"w":24,"h":24},
	"rotated": false,
	"trimmed": false,
	"spriteSourceSize": {"x":0,"y":0,"w":24,"h":24},
	"sourceSize": {"w":24,"h":24}
},
"Confetti_50000":
{
	"frame": {"x":792,"y":1,"w":36,"h":58},
	"rotated": false,
	"trimmed": false,
	"spriteSourceSize": {"x":0,"y":0,"w":36,"h":58},
	"sourceSize": {"w":36,"h":58}
},
"Confetti_60000":
{
	"frame": {"x":829,"y":1,"w":33,"h":44},
	"rotated": false,
	"trimmed": false,
	"spriteSourceSize": {"x":0,"y":0,"w":33,"h":44},
	"sourceSize": {"w":33,"h":44}
},
"Dot0000":
{
	"frame": {"x":301,"y":482,"w":18,"h":18},
	"rotated": false,
	"trimmed": false,
	"spriteSourceSize": {"x":0,"y":0,"w":18,"h":18},
	"sourceSize": {"w":18,"h":18}
},
"Dot0001":
{
	"frame": {"x":320,"y":482,"w":18,"h":18},
	"rotated": false,
	"trimmed": false,
	"spriteSourceSize": {"x":0,"y":0,"w":18,"h":18},
	"sourceSize": {"w":18,"h":18}
},
"Dot0002":
{
	"frame": {"x":339,"y":482,"w":18,"h":18},
	"rotated": false,
	"trimmed": false,
	"spriteSourceSize": {"x":0,"y":0,"w":18,"h":18},
	"sourceSize": {"w":18,"h":18}
},
"GlowParticle0000":
{
	"frame": {"x":1,"y":1,"w":24,"h":24},
	"rotated": false,
	"trimmed": false,
	"spriteSourceSize": {"x":0,"y":0,"w":24,"h":24},
	"sourceSize": {"w":24,"h":24}
},
"LetterTile_Back0000":
{
	"frame": {"x":26,"y":1,"w":88,"h":95},
	"rotated": false,
	"trimmed": false,
	"spriteSourceSize": {"x":0,"y":0,"w":88,"h":95},
	"sourceSize": {"w":88,"h":95}
},
"LetterTile_White0000":
{
	"frame": {"x":115,"y":1,"w":71,"h":76},
	"rotated": false,
	"trimmed": false,
	"spriteSourceSize": {"x":0,"y":0,"w":71,"h":76},
	"sourceSize": {"w":71,"h":76}
},
"Letter_-0000":
{
	"frame": {"x":358,"y":482,"w":18,"h":6},
	"rotated": false,
	"trimmed": false,
	"spriteSourceSize": {"x":0,"y":0,"w":18,"h":6},
	"sourceSize": {"w":18,"h":6}
},
"Letter_A0000":
{
	"frame": {"x":377,"y":482,"w":46,"h":50},
	"rotated": false,
	"trimmed": false,
	"spriteSourceSize": {"x":0,"y":0,"w":46,"h":50},
	"sourceSize": {"w":46,"h":50}
},
"Letter_A0001":
{
	"frame": {"x":424,"y":482,"w":46,"h":50},
	"rotated": false,
	"trimmed": false,
	"spriteSourceSize": {"x":0,"y":0,"w":46,"h":50},
	"sourceSize": {"w":46,"h":50}
},
"Letter_A0002":
{
	"frame": {"x":471,"y":482,"w":46,"h":50},
	"rotated": false,
	"trimmed": false,
	"spriteSourceSize": {"x":0,"y":0,"w":46,"h":50},
	"sourceSize": {"w":46,"h":50}
},
"Letter_B0000":
{
	"frame": {"x":518,"y":482,"w":40,"h":50},
	"rotated": false,
	"trimmed": false,
	"spriteSourceSize": {"x":0,"y":0,"w":40,"h":50},
	"sourceSize": {"w":40,"h":50}
},
"Letter_B0001":
{
	"frame": {"x":559,"y":482,"w":40,"h":50},
	"rotated": false,
	"trimmed": false,
	"spriteSourceSize": {"x":0,"y":0,"w":40,"h":50},
	"sourceSize": {"w":40,"h":50}
},
"Letter_B0002":
{
	"frame": {"x":600,"y":482,"w":40,"h":50},
	"rotated": false,
	"trimmed": false,
	"spriteSourceSize": {"x":0,"y":0,"w":40,"h":50},
	"sourceSize": {"w":40,"h":50}
},
"Letter_C0000":
{
	"frame": {"x":641,"y":482,"w":46,"h":50},
	"rotated": false,
	"trimmed": false,
	"spriteSourceSize": {"x":0,"y":0,"w":46,"h":50},
	"sourceSize": {"w":46,"h":50}
},
"Letter_C0001":
{
	"frame": {"x":688,"y":482,"w":46,"h":50},
	"rotated": false,
	"trimmed": false,
	"spriteSourceSize": {"x":0,"y":0,"w":46,"h":50},
	"sourceSize": {"w":46,"h":50}
},
"Letter_C0002":
{
	"frame": {"x":735,"y":482,"w":46,"h":50},
	"rotated": false,
	"trimmed": false,
	"spriteSourceSize": {"x":0,"y":0,"w":46,"h":50},
	"sourceSize": {"w":46,"h":50}
},
"Letter_D0000":
{
	"frame": {"x":782,"y":482,"w":44,"h":50},
	"rotated": false,
	"trimmed": false,
	"spriteSourceSize": {"x":0,"y":0,"w":44,"h":50},
	"sourceSize": {"w":44,"h":50}
},
"Letter_D0001":
{
	"frame": {"x":827,"y":482,"w":44,"h":50},
	"rotated": false,
	"trimmed": false,
	"spriteSourceSize": {"x":0,"y":0,"w":44,"h":50},
	"sourceSize": {"w":44,"h":50}
},
"Letter_D0002":
{
	"frame": {"x":872,"y":482,"w":44,"h":50},
	"rotated": false,
	"trimmed": false,
	"spriteSourceSize": {"x":0,"y":0,"w":44,"h":50},
	"sourceSize": {"w":44,"h":50}
},
"Letter_E0000":
{
	"frame": {"x":917,"y":482,"w":38,"h":50},
	"rotated": false,
	"trimmed": false,
	"spriteSourceSize": {"x":0,"y":0,"w":38,"h":50},
	"sourceSize": {"w":38,"h":50}
},
"Letter_E0001":
{
	"frame": {"x":956,"y":482,"w":38,"h":50},
	"rotated": false,
	"trimmed": false,
	"spriteSourceSize": {"x":0,"y":0,"w":38,"h":50},
	"sourceSize": {"w":38,"h":50}
},
"Letter_E0002":
{
	"frame": {"x":1,"y":563,"w":38,"h":50},
	"rotated": false,
	"trimmed": false,
	"spriteSourceSize": {"x":0,"y":0,"w":38,"h":50},
	"sourceSize": {"w":38,"h":50}
},
"Letter_F0000":
{
	"frame": {"x":40,"y":563,"w":38,"h":50},
	"rotated": false,
	"trimmed": false,
	"spriteSourceSize": {"x":0,"y":0,"w":38,"h":50},
	"sourceSize": {"w":38,"h":50}
},
"Letter_F0001":
{
	"frame": {"x":79,"y":563,"w":38,"h":50},
	"rotated": false,
	"trimmed": false,
	"spriteSourceSize": {"x":0,"y":0,"w":38,"h":50},
	"sourceSize": {"w":38,"h":50}
},
"Letter_F0002":
{
	"frame": {"x":118,"y":563,"w":38,"h":50},
	"rotated": false,
	"trimmed": false,
	"spriteSourceSize": {"x":0,"y":0,"w":38,"h":50},
	"sourceSize": {"w":38,"h":50}
},
"Letter_G0000":
{
	"frame": {"x":157,"y":563,"w":48,"h":50},
	"rotated": false,
	"trimmed": false,
	"spriteSourceSize": {"x":0,"y":0,"w":48,"h":50},
	"sourceSize": {"w":48,"h":50}
},
"Letter_G0001":
{
	"frame": {"x":206,"y":563,"w":48,"h":50},
	"rotated": false,
	"trimmed": false,
	"spriteSourceSize": {"x":0,"y":0,"w":48,"h":50},
	"sourceSize": {"w":48,"h":50}
},
"Letter_G0002":
{
	"frame": {"x":255,"y":563,"w":48,"h":50},
	"rotated": false,
	"trimmed": false,
	"spriteSourceSize": {"x":0,"y":0,"w":48,"h":50},
	"sourceSize": {"w":48,"h":50}
},
"Letter_H0000":
{
	"frame": {"x":304,"y":563,"w":44,"h":50},
	"rotated": false,
	"trimmed": false,
	"spriteSourceSize": {"x":0,"y":0,"w":44,"h":50},
	"sourceSize": {"w":44,"h":50}
},
"Letter_H0001":
{
	"frame": {"x":349,"y":563,"w":44,"h":50},
	"rotated": false,
	"trimmed": false,
	"spriteSourceSize": {"x":0,"y":0,"w":44,"h":50},
	"sourceSize": {"w":44,"h":50}
},
"Letter_H0002":
{
	"frame": {"x":394,"y":563,"w":44,"h":50},
	"rotated": false,
	"trimmed": false,
	"spriteSourceSize": {"x":0,"y":0,"w":44,"h":50},
	"sourceSize": {"w":44,"h":50}
},
"Letter_I0000":
{
	"frame": {"x":439,"y":563,"w":16,"h":50},
	"rotated": false,
	"trimmed": false,
	"spriteSourceSize": {"x":0,"y":0,"w":16,"h":50},
	"sourceSize": {"w":16,"h":50}
},
"Letter_I0001":
{
	"frame": {"x":456,"y":563,"w":16,"h":50},
	"rotated": false,
	"trimmed": false,
	"spriteSourceSize": {"x":0,"y":0,"w":16,"h":50},
	"sourceSize": {"w":16,"h":50}
},
"Letter_I0002":
{
	"frame": {"x":473,"y":563,"w":16,"h":50},
	"rotated": false,
	"trimmed": false,
	"spriteSourceSize": {"x":0,"y":0,"w":16,"h":50},
	"sourceSize": {"w":16,"h":50}
},
"Letter_J0000":
{
	"frame": {"x":490,"y":563,"w":32,"h":50},
	"rotated": false,
	"trimmed": false,
	"spriteSourceSize": {"x":0,"y":0,"w":32,"h":50},
	"sourceSize": {"w":32,"h":50}
},
"Letter_J0001":
{
	"frame": {"x":523,"y":563,"w":32,"h":50},
	"rotated": false,
	"trimmed": false,
	"spriteSourceSize": {"x":0,"y":0,"w":32,"h":50},
	"sourceSize": {"w":32,"h":50}
},
"Letter_J0002":
{
	"frame": {"x":556,"y":563,"w":32,"h":50},
	"rotated": false,
	"trimmed": false,
	"spriteSourceSize": {"x":0,"y":0,"w":32,"h":50},
	"sourceSize": {"w":32,"h":50}
},
"Letter_K0000":
{
	"frame": {"x":589,"y":563,"w":40,"h":50},
	"rotated": false,
	"trimmed": false,
	"spriteSourceSize": {"x":0,"y":0,"w":40,"h":50},
	"sourceSize": {"w":40,"h":50}
},
"Letter_K0001":
{
	"frame": {"x":630,"y":563,"w":40,"h":50},
	"rotated": false,
	"trimmed": false,
	"spriteSourceSize": {"x":0,"y":0,"w":40,"h":50},
	"sourceSize": {"w":40,"h":50}
},
"Letter_K0002":
{
	"frame": {"x":671,"y":563,"w":40,"h":50},
	"rotated": false,
	"trimmed": false,
	"spriteSourceSize": {"x":0,"y":0,"w":40,"h":50},
	"sourceSize": {"w":40,"h":50}
},
"Letter_L0000":
{
	"frame": {"x":712,"y":563,"w":36,"h":50},
	"rotated": false,
	"trimmed": false,
	"spriteSourceSize": {"x":0,"y":0,"w":36,"h":50},
	"sourceSize": {"w":36,"h":50}
},
"Letter_L0001":
{
	"frame": {"x":749,"y":563,"w":36,"h":50},
	"rotated": false,
	"trimmed": false,
	"spriteSourceSize": {"x":0,"y":0,"w":36,"h":50},
	"sourceSize": {"w":36,"h":50}
},
"Letter_L0002":
{
	"frame": {"x":786,"y":563,"w":36,"h":50},
	"rotated": false,
	"trimmed": false,
	"spriteSourceSize": {"x":0,"y":0,"w":36,"h":50},
	"sourceSize": {"w":36,"h":50}
},
"Letter_M0000":
{
	"frame": {"x":823,"y":563,"w":51,"h":50},
	"rotated": false,
	"trimmed": false,
	"spriteSourceSize": {"x":0,"y":0,"w":51,"h":50},
	"sourceSize": {"w":51,"h":50}
},
"Letter_M0001":
{
	"frame": {"x":875,"y":563,"w":51,"h":50},
	"rotated": false,
	"trimmed": false,
	"spriteSourceSize": {"x":0,"y":0,"w":51,"h":50},
	"sourceSize": {"w":51,"h":50}
},
"Letter_M0002":
{
	"frame": {"x":927,"y":563,"w":51,"h":50},
	"rotated": false,
	"trimmed": false,
	"spriteSourceSize": {"x":0,"y":0,"w":51,"h":50},
	"sourceSize": {"w":51,"h":50}
},
"Letter_N0000":
{
	"frame": {"x":979,"y":563,"w":42,"h":50},
	"rotated": false,
	"trimmed": false,
	"spriteSourceSize": {"x":0,"y":0,"w":42,"h":50},
	"sourceSize": {"w":42,"h":50}
},
"Letter_N0001":
{
	"frame": {"x":1,"y":614,"w":42,"h":50},
	"rotated": false,
	"trimmed": false,
	"spriteSourceSize": {"x":0,"y":0,"w":42,"h":50},
	"sourceSize": {"w":42,"h":50}
},
"Letter_N0002":
{
	"frame": {"x":44,"y":614,"w":42,"h":50},
	"rotated": false,
	"trimmed": false,
	"spriteSourceSize": {"x":0,"y":0,"w":42,"h":50},
	"sourceSize": {"w":42,"h":50}
},
"Letter_O0000":
{
	"frame": {"x":87,"y":614,"w":50,"h":50},
	"rotated": false,
	"trimmed": false,
	"spriteSourceSize": {"x":0,"y":0,"w":50,"h":50},
	"sourceSize": {"w":50,"h":50}
},
"Letter_O0001":
{
	"frame": {"x":138,"y":614,"w":50,"h":50},
	"rotated": false,
	"trimmed": false,
	"spriteSourceSize": {"x":0,"y":0,"w":50,"h":50},
	"sourceSize": {"w":50,"h":50}
},
"Letter_O0002":
{
	"frame": {"x":189,"y":614,"w":50,"h":50},
	"rotated": false,
	"trimmed": false,
	"spriteSourceSize": {"x":0,"y":0,"w":50,"h":50},
	"sourceSize": {"w":50,"h":50}
},
"Letter_P0000":
{
	"frame": {"x":240,"y":614,"w":40,"h":50},
	"rotated": false,
	"trimmed": false,
	"spriteSourceSize": {"x":0,"y":0,"w":40,"h":50},
	"sourceSize": {"w":40,"h":50}
},
"Letter_P0001":
{
	"frame": {"x":281,"y":614,"w":40,"h":50},
	"rotated": false,
	"trimmed": false,
	"spriteSourceSize": {"x":0,"y":0,"w":40,"h":50},
	"sourceSize": {"w":40,"h":50}
},
"Letter_P0002":
{
	"frame": {"x":322,"y":614,"w":40,"h":50},
	"rotated": false,
	"trimmed": false,
	"spriteSourceSize": {"x":0,"y":0,"w":40,"h":50},
	"sourceSize": {"w":40,"h":50}
},
"Letter_Q0000":
{
	"frame": {"x":363,"y":614,"w":46,"h":50},
	"rotated": false,
	"trimmed": false,
	"spriteSourceSize": {"x":0,"y":0,"w":46,"h":50},
	"sourceSize": {"w":46,"h":50}
},
"Letter_Q0001":
{
	"frame": {"x":410,"y":614,"w":46,"h":50},
	"rotated": false,
	"trimmed": false,
	"spriteSourceSize": {"x":0,"y":0,"w":46,"h":50},
	"sourceSize": {"w":46,"h":50}
},
"Letter_Q0002":
{
	"frame": {"x":457,"y":614,"w":46,"h":50},
	"rotated": false,
	"trimmed": false,
	"spriteSourceSize": {"x":0,"y":0,"w":46,"h":50},
	"sourceSize": {"w":46,"h":50}
},
"Letter_R0000":
{
	"frame": {"x":504,"y":614,"w":40,"h":50},
	"rotated": false,
	"trimmed": false,
	"spriteSourceSize": {"x":0,"y":0,"w":40,"h":50},
	"sourceSize": {"w":40,"h":50}
},
"Letter_R0001":
{
	"frame": {"x":545,"y":614,"w":40,"h":50},
	"rotated": false,
	"trimmed": false,
	"spriteSourceSize": {"x":0,"y":0,"w":40,"h":50},
	"sourceSize": {"w":40,"h":50}
},
"Letter_R0002":
{
	"frame": {"x":586,"y":614,"w":40,"h":50},
	"rotated": false,
	"trimmed": false,
	"spriteSourceSize": {"x":0,"y":0,"w":40,"h":50},
	"sourceSize": {"w":40,"h":50}
},
"Letter_S0000":
{
	"frame": {"x":627,"y":614,"w":42,"h":50},
	"rotated": false,
	"trimmed": false,
	"spriteSourceSize": {"x":0,"y":0,"w":42,"h":50},
	"sourceSize": {"w":42,"h":50}
},
"Letter_S0001":
{
	"frame": {"x":670,"y":614,"w":42,"h":50},
	"rotated": false,
	"trimmed": false,
	"spriteSourceSize": {"x":0,"y":0,"w":42,"h":50},
	"sourceSize": {"w":42,"h":50}
},
"Letter_S0002":
{
	"frame": {"x":713,"y":614,"w":42,"h":50},
	"rotated": false,
	"trimmed": false,
	"spriteSourceSize": {"x":0,"y":0,"w":42,"h":50},
	"sourceSize": {"w":42,"h":50}
},
"Letter_T0000":
{
	"frame": {"x":756,"y":614,"w":44,"h":50},
	"rotated": false,
	"trimmed": false,
	"spriteSourceSize": {"x":0,"y":0,"w":44,"h":50},
	"sourceSize": {"w":44,"h":50}
},
"Letter_T0001":
{
	"frame": {"x":801,"y":614,"w":44,"h":50},
	"rotated": false,
	"trimmed": false,
	"spriteSourceSize": {"x":0,"y":0,"w":44,"h":50},
	"sourceSize": {"w":44,"h":50}
},
"Letter_T0002":
{
	"frame": {"x":846,"y":614,"w":44,"h":50},
	"rotated": false,
	"trimmed": false,
	"spriteSourceSize": {"x":0,"y":0,"w":44,"h":50},
	"sourceSize": {"w":44,"h":50}
},
"Letter_U0000":
{
	"frame": {"x":891,"y":614,"w":42,"h":50},
	"rotated": false,
	"trimmed": false,
	"spriteSourceSize": {"x":0,"y":0,"w":42,"h":50},
	"sourceSize": {"w":42,"h":50}
},
"Letter_U0001":
{
	"frame": {"x":934,"y":614,"w":42,"h":50},
	"rotated": false,
	"trimmed": false,
	"spriteSourceSize": {"x":0,"y":0,"w":42,"h":50},
	"sourceSize": {"w":42,"h":50}
},
"Letter_U0002":
{
	"frame": {"x":977,"y":614,"w":42,"h":50},
	"rotated": false,
	"trimmed": false,
	"spriteSourceSize": {"x":0,"y":0,"w":42,"h":50},
	"sourceSize": {"w":42,"h":50}
},
"Letter_V0000":
{
	"frame": {"x":1,"y":665,"w":38,"h":42},
	"rotated": false,
	"trimmed": false,
	"spriteSourceSize": {"x":0,"y":0,"w":38,"h":42},
	"sourceSize": {"w":38,"h":42}
},
"Letter_V0001":
{
	"frame": {"x":40,"y":665,"w":38,"h":42},
	"rotated": false,
	"trimmed": false,
	"spriteSourceSize": {"x":0,"y":0,"w":38,"h":42},
	"sourceSize": {"w":38,"h":42}
},
"Letter_V0002":
{
	"frame": {"x":79,"y":665,"w":38,"h":42},
	"rotated": false,
	"trimmed": false,
	"spriteSourceSize": {"x":0,"y":0,"w":38,"h":42},
	"sourceSize": {"w":38,"h":42}
},
"Letter_W0000":
{
	"frame": {"x":118,"y":665,"w":62,"h":50},
	"rotated": false,
	"trimmed": false,
	"spriteSourceSize": {"x":0,"y":0,"w":62,"h":50},
	"sourceSize": {"w":62,"h":50}
},
"Letter_W0001":
{
	"frame": {"x":181,"y":665,"w":62,"h":50},
	"rotated": false,
	"trimmed": false,
	"spriteSourceSize": {"x":0,"y":0,"w":62,"h":50},
	"sourceSize": {"w":62,"h":50}
},
"Letter_W0002":
{
	"frame": {"x":244,"y":665,"w":62,"h":50},
	"rotated": false,
	"trimmed": false,
	"spriteSourceSize": {"x":0,"y":0,"w":62,"h":50},
	"sourceSize": {"w":62,"h":50}
},
"Letter_X0000":
{
	"frame": {"x":307,"y":665,"w":44,"h":50},
	"rotated": false,
	"trimmed": false,
	"spriteSourceSize": {"x":0,"y":0,"w":44,"h":50},
	"sourceSize": {"w":44,"h":50}
},
"Letter_X0001":
{
	"frame": {"x":352,"y":665,"w":44,"h":50},
	"rotated": false,
	"trimmed": false,
	"spriteSourceSize": {"x":0,"y":0,"w":44,"h":50},
	"sourceSize": {"w":44,"h":50}
},
"Letter_X0002":
{
	"frame": {"x":397,"y":665,"w":44,"h":50},
	"rotated": false,
	"trimmed": false,
	"spriteSourceSize": {"x":0,"y":0,"w":44,"h":50},
	"sourceSize": {"w":44,"h":50}
},
"Letter_Y0000":
{
	"frame": {"x":442,"y":665,"w":42,"h":50},
	"rotated": false,
	"trimmed": false,
	"spriteSourceSize": {"x":0,"y":0,"w":42,"h":50},
	"sourceSize": {"w":42,"h":50}
},
"Letter_Y0001":
{
	"frame": {"x":485,"y":665,"w":42,"h":50},
	"rotated": false,
	"trimmed": false,
	"spriteSourceSize": {"x":0,"y":0,"w":42,"h":50},
	"sourceSize": {"w":42,"h":50}
},
"Letter_Y0002":
{
	"frame": {"x":528,"y":665,"w":42,"h":50},
	"rotated": false,
	"trimmed": false,
	"spriteSourceSize": {"x":0,"y":0,"w":42,"h":50},
	"sourceSize": {"w":42,"h":50}
},
"Letter_Z0000":
{
	"frame": {"x":571,"y":665,"w":44,"h":50},
	"rotated": false,
	"trimmed": false,
	"spriteSourceSize": {"x":0,"y":0,"w":44,"h":50},
	"sourceSize": {"w":44,"h":50}
},
"Letter_Z0001":
{
	"frame": {"x":616,"y":665,"w":44,"h":50},
	"rotated": false,
	"trimmed": false,
	"spriteSourceSize": {"x":0,"y":0,"w":44,"h":50},
	"sourceSize": {"w":44,"h":50}
},
"Letter_Z0002":
{
	"frame": {"x":661,"y":665,"w":44,"h":50},
	"rotated": false,
	"trimmed": false,
	"spriteSourceSize": {"x":0,"y":0,"w":44,"h":50},
	"sourceSize": {"w":44,"h":50}
},
"Placeholder_Tile0000":
{
	"frame": {"x":187,"y":1,"w":70,"h":72},
	"rotated": false,
	"trimmed": false,
	"spriteSourceSize": {"x":0,"y":0,"w":70,"h":72},
	"sourceSize": {"w":70,"h":72}
},
"Pointer0000":
{
	"frame": {"x":258,"y":1,"w":26,"h":14},
	"rotated": false,
	"trimmed": false,
	"spriteSourceSize": {"x":0,"y":0,"w":26,"h":14},
	"sourceSize": {"w":26,"h":14}
},
"Question0000":
{
	"frame": {"x":706,"y":665,"w":32,"h":48},
	"rotated": false,
	"trimmed": false,
	"spriteSourceSize": {"x":0,"y":0,"w":32,"h":48},
	"sourceSize": {"w":32,"h":48}
},
"Question0001":
{
	"frame": {"x":739,"y":665,"w":32,"h":48},
	"rotated": false,
	"trimmed": false,
	"spriteSourceSize": {"x":0,"y":0,"w":32,"h":48},
	"sourceSize": {"w":32,"h":48}
},
"Question0002":
{
	"frame": {"x":772,"y":665,"w":32,"h":48},
	"rotated": false,
	"trimmed": false,
	"spriteSourceSize": {"x":0,"y":0,"w":32,"h":48},
	"sourceSize": {"w":32,"h":48}
},
"Screamer0000":
{
	"frame": {"x":805,"y":665,"w":16,"h":48},
	"rotated": false,
	"trimmed": false,
	"spriteSourceSize": {"x":0,"y":0,"w":16,"h":48},
	"sourceSize": {"w":16,"h":48}
},
"Screamer0001":
{
	"frame": {"x":822,"y":665,"w":16,"h":48},
	"rotated": false,
	"trimmed": false,
	"spriteSourceSize": {"x":0,"y":0,"w":16,"h":48},
	"sourceSize": {"w":16,"h":48}
},
"Screamer0002":
{
	"frame": {"x":839,"y":665,"w":16,"h":48},
	"rotated": false,
	"trimmed": false,
	"spriteSourceSize": {"x":0,"y":0,"w":16,"h":48},
	"sourceSize": {"w":16,"h":48}
},
"WhiteOverlay0000":
{
	"frame": {"x":285,"y":1,"w":410,"h":480},
	"rotated": false,
	"trimmed": false,
	"spriteSourceSize": {"x":0,"y":0,"w":410,"h":480},
	"sourceSize": {"w":410,"h":480}
}},
"meta": {
	"app": "Adobe Flash CS6",
	"version": "12.0.0.481",
	"image": "word_level.png",
	"format": "RGBA8888",
	"size": {"w":1024,"h":1024},
	"scale": "1"
}
}
