﻿ {
	"a": [0.5, 1.1],
	"a_word": [1.4, 1.9],

	"b": [2.95, 3.45],
	"b_word": [3.75, 4.45],

	"c": [5.2, 5.95],
	"c_word": [6.2, 6.9],

	"d": [7.85, 8.4],
	"d_word": [8.75, 9.25],

	"e": [10.45, 11],
	"e_word": [11.55, 12.1],

	"f": [13.05, 13.6],
	"f_word": [13.9, 14.85],

	"g": [15.65, 16.3],
	"g_word": [16.50, 17.25],
	
	"h": [18.5, 19.15],
	"h_word": [19.45, 20.25],
	
	"i": [21.1, 21.65],
	"i_word": [21.95, 22.7],
	
	"j": [23.75, 24.4],
	"j_word": [24.8, 25.4],
	
	"k": [26.6, 27.25],
	"k_word": [27.6, 28.3],
	
	"l": [29.65, 30.2],
	"l_word": [30.55, 31.25],
	
	"m": [32.03, 33.0],
	"m_word": [33.1, 33.9],
	
	"n": [35.35, 35.9],
	"n_word": [36.2, 36.95],
	
	"o": [38, 38.55],
	"o_word": [38.9, 39.85],
	
	"p": [40.9, 41.5],
	"p_word": [41.85, 42.45],
	
	"q": [43.7, 44.3],
	"q_word": [44.65, 45.45],
	
	"r": [46.6, 47.3],
	"r_word": [47.55, 48.4],
	
	"s": [48.9, 49.6],
	"s_word": [49.7, 50.8],
	
	"t": [52.25, 52.75],
	"t_word": [53.05, 53.85],
	
	"u": [54.8, 55.45],
	"u_word": [55.7, 56.6],
	
	"v": [57.65, 58.45],
	"v_word": [58.75, 59.6],
	
	"w": [60.7, 61.3],
	"w_word": [61.75, 62.4],
	
	"x": [63.7, 64.35],
	"x_word": [64.6, 65.6],
	
	"y": [66.6, 67.3],
	"y_word": [67.65, 68.4],
	
	"z": [69.4, 70.05],
	"z_word": [70.6, 71.35]
}