﻿{
	"a": [0.05, 0.55],
	"a_word": [1.65, 2.6],
	
	"b": [4.95, 5.65],
	"b_word": [6.35, 7.5],
	
	"c": [9.85, 10.6],
	"c_word": [11.25, 12.05],
	
	"d": [14.25, 15],
	"d_word": [15.75, 17.15],
	
	"e": [19.4, 20],
	"e_word": [20.9, 22.15],
	
	"f": [24.35, 25.05],
	"f_word": [25.95, 26.8],
	
	"g": [29, 29.8],
	"g_word": [30.65, 31.7],
	
	"h": [34.25, 35.1],
	"h_word": [36.05, 37.1],
	
	"i": [39.7, 40.3],
	"i_word": [41.15, 42.1],
	
	"j": [44.05, 45.05],
	"j_word": [45.8, 46.85],
	
	"k": [49.2, 49.85],
	"k_word": [50.75, 51.6],
	
	"l": [54.25, 55.1],
	"l_word": [56.15, 57.25],
	
	"m": [59.8, 60.55],
	"m_word": [61.4, 62.75],
	
	"n": [65.1, 65.9],
	"n_word": [66.8, 68.15],
	
	"o": [70.15, 70.8],
	"o_word": [71.75, 72.7],
	
	"p": [74.75, 75.4],
	"p_word": [76.4, 77.25],
	
	"q": [79.1, 79.75],
	"q_word": [80.6, 81.5],
	
	"r": [83.6, 84.55],
	"r_word": [85.3, 86.35],
	
	"s": [88.7, 89.5],
	"s_word": [90.4, 91.6],
	
	"t": [93.9, 94.55],
	"t_word": [96.05, 97.2],
	
	"u": [98.95, 99.65],
	"u_word": [100.45, 101.3],
	
	"v": [103.65, 104.55],
	"v_word": [105.05, 106.15],
	
	"w": [108.4, 109.6],
	"w_word": [110.4, 111.7],
	
	"x": [113.35, 114.35],
	"x_word": [115.2, 116.55],
	
	"y": [118.65, 120],
	"y_word": [120.9, 122.1],
	
	"z": [124.5, 125.4],
	"z_word": [126, 127.3]
}