﻿{
	"a": [0.1, 0.65],
	"a_word": [1.65, 2.55],
	
	"b": [4.4, 5.15],
	"b_word": [6.2, 6.9],
	
	"c": [8.65, 9.3],
	"c_word": [10.45, 11.05],
	
	"d": [13.4, 13.9],
	"d_word": [15.2, 16.25],
	
	"e": [18.2, 18.7],
	"e_word": [20, 20.9],
	
	"f": [23.2, 23.9],
	"f_word": [24.8, 25.7],
	
	"g": [27.9, 28.4],
	"g_word": [29.75, 30.9],
	
	"h": [32.65, 33.4],
	"h_word": [34.75, 35.7],
	
	"i": [37.5, 37.95],
	"i_word": [39.35, 39.9],
	
	"j": [42.2, 42.8],
	"j_word": [44.1, 45.25],
	
	"k": [48.00, 48.55],
	"k_word": [50, 50.8],
	
	"l": [52.45, 53.15],
	"l_word": [54.35, 55.25],
	
	"m": [57.45, 58.2],
	"m_word": [59.1, 60],
	
	"n": [62, 62.8],
	"n_word": [63.55, 64.7],
	
	"o": [66.7, 67.15],
	"o_word": [68.4, 69.25],
	
	"p": [71.6, 72.05],
	"p_word": [73.3, 74.1],
	
	"q": [76.3, 76.8],
	"q_word": [78.25, 79.05],
	
	"r": [81.2, 82.1],
	"r_word": [82.9, 83.8],
	
	"s": [86.25, 87.1],
	"s_word": [88.1, 89.1],
	
	"t": [91.5, 92],
	"t_word": [93, 94],
	
	"u": [96, 96.8],
	"u_word": [98.2, 98.85],
	
	"v": [101.15, 101.8],
	"v_word": [102.75, 103.8],
	
	"w": [105.75, 106.75],
	"w_word": [107.8, 108.7],
	
	"x": [110.7, 111.75],
	"x_word": [112.6, 114],
	
	"y": [115.75, 116.65],
	"y_word": [117.6, 118.45],
	
	"z": [120.6, 121.7],
	"z_word": [122.55, 123.6]
}