﻿{
	"a": [1, 1.4],
	"a_word": [2.25, 2.85],
	
	"b": [5.3, 5.8],
	"b_word": [6.7, 7.45],
	
	"c": [9.9, 10.3],
	"c_word": [11.25, 11.8],
	
	"d": [14.2, 14.75],
	"d_word": [15.65, 16.65],
	
	"e": [19.05, 19.5],
	"e_word": [20.35, 21.25],
	
	"f": [23.7, 24.3],
	"f_word": [25.2, 25.9],
	
	"g": [28.4, 28.9],
	"g_word": [29.75, 30.55],
	
	"h": [33, 33.6],
	"h_word": [34.55, 35.5],
	
	"i": [37.95, 38.3],
	"i_word": [39.2, 39.95],
	
	"l": [42.4, 43],
	"l_word": [43.9, 44.75],
	
	"m": [47.2, 47.8],
	"m_word": [48.7, 49.4],
	
	"n": [51.85, 52.45],
	"n_word": [53.75, 54.8],
	
	"o": [56.6, 57.05],
	"o_word": [57.95, 58.85],
	
	"p": [61.2, 61.65],
	"p_word": [62.95, 64.2],
	
	"q": [65.65, 66.1],
	"q_word": [67.05, 67.85],
	
	"r": [70.3, 70.9],
	"r_word": [71.8, 72.7],
	
	"s": [75.1, 75.75],
	"s_word": [76.7, 77.5],
	
	"t": [79.9, 80.35],
	"t_word": [81.25, 82.3],
	
	"u": [84.65, 85.2],
	"u_word": [86, 86.8],
	
	"v": [89.3, 89.8],
	"v_word": [90.8, 91.5],
	
	"z": [93.9, 94.65],
	"z_word": [95.6, 96.3]
}