﻿{
	"a": [0, 0.4],
	"a_word": [1.9, 3],
	
	"b": [6.5, 7],
	"b_word": [8.5, 9.45],
	
	"c": [13.15, 13.75],
	"c_word": [15.15, 15.95],
	
	"d": [18.75, 19.2],
	"d_word": [20.9, 21.65],
	
	"e": [24.6, 25.05],
	"e_word": [26.35, 27.35],
	
	"f": [30.1, 30.8],
	"f_word": [32.05, 32.85],
	
	"g": [35.85, 36.4],
	"g_word": [37.65, 38.75],
	
	"h": [41.75, 42.35],
	"h_word": [43.9, 45.05],
	
	"i": [47.85, 48.3],
	"i_word": [50, 50.65],
	
	"j": [53.65, 54.45],
	"j_word": [55.8, 56.6],
	
	"l": [59.6, 60.2],
	"l_word": [61.6, 62.6],
	
	"m": [65.4, 66.05],
	"m_word": [67.4, 68.15],
	
	"n": [71.05, 71.65],
	"n_word": [73.1, 74.05],
	
	"o": [76.75, 77.2],
	"o_word": [78.9, 79.6],
	
	"p": [82.35, 82.75],
	"p_word": [84.55, 85.25],
	
	"q": [88.2, 88.6],
	"q_word": [90.1, 90.85],
	
	"r": [93.6, 94.2],
	"r_word": [95.8, 96.65],
	
	"s": [99.45, 100.05],
	"s_word": [101.4, 102.4],
	
	"t": [105.25, 105.65],
	"t_word": [107.3, 108.15],
	
	"u": [110.8, 111.25],
	"u_word": [112.65, 113.3],
	
	"v": [115.95, 116.5],
	"v_word": [117.75, 118.7],
	
	"x": [121.3, 122.1],
	"x_word": [123.3, 124.4],

	"z": [126.9, 127.6],
	"z_word": [128.9, 129.9]
}