{"b":{"bg":{"texture":"backgrounds_1","frame":"BG_Blue0000"},"upper":{"texture":"letters_1","frame":"Letter_B_Upper0000","splines":[[{"x":23,"y":20.8,"star":false},{"x":23,"y":249.1,"star":true}],[{"x":22.5,"y":21.3,"star":false},{"x":73.7,"y":21.2,"star":false},{"x":118.6,"y":23.8,"star":false},{"x":145.9,"y":41,"star":false},{"x":154.2,"y":74.8,"star":true},{"x":130.6,"y":114.6,"star":false},{"x":77.8,"y":127.5,"star":false},{"x":22.5,"y":130.6,"star":false}],[{"x":22.5,"y":130.6,"star":false},{"x":85.3,"y":130.1,"star":false},{"x":147.8,"y":144.7,"star":false},{"x":166.1,"y":189.9,"star":false},{"x":152,"y":229.7,"star":false},{"x":111.2,"y":245.9,"star":false},{"x":64.9,"y":245.9,"star":false},{"x":22.5,"y":244.7,"star":true}]]},"lower":{"texture":"letters_1","frame":"Letter_B_Lower0000","splines":[[{"x":21,"y":21.3,"star":false},{"x":21,"y":294.9,"star":true}],[{"x":21,"y":201.2,"star":false},{"x":66,"y":160,"star":false},{"x":117.4,"y":165.1,"star":false},{"x":139.9,"y":196.8,"star":true},{"x":141.7,"y":246.7,"star":false},{"x":117.1,"y":282.5,"star":false},{"x":68.7,"y":290.5,"star":false},{"x":21,"y":244.8,"star":true}]]},"picture":{"texture":"pictures_2","frame":"Item_Whale0000","word":"balena","raysOffsetX":0,"raysOffsetY":0},"sound":{"letter":"Letter_A","word":"Word_Apple"}},"c":{"bg":{"texture":"backgrounds_1","frame":"BG_Pink0000"},"upper":{"texture":"letters_1","frame":"Letter_C_Upper0000","splines":[[{"x":203.5,"y":56.5,"star":false},{"x":160.5,"y":24.5,"star":false},{"x":87.5,"y":25.5,"star":true},{"x":40.5,"y":63.5,"star":false},{"x":24.5,"y":126.5,"star":false},{"x":32.5,"y":201.5,"star":true},{"x":69.5,"y":248.5,"star":false},{"x":145.5,"y":257.5,"star":false},{"x":209.5,"y":225.5,"star":true}]]},"lower":{"texture":"letters_1","frame":"Letter_C_Lower0000","splines":[[{"x":134.5,"y":39.5,"star":false},{"x":100.5,"y":18.5,"star":false},{"x":58.5,"y":21.5,"star":false},{"x":28.5,"y":47.5,"star":true},{"x":18.5,"y":85.5,"star":false},{"x":24.5,"y":124.5,"star":false},{"x":48.5,"y":159.5,"star":true},{"x":90.5,"y":172.5,"star":false},{"x":134.5,"y":156.5,"star":true}]]},"picture":{"texture":"pictures_1","frame":"Item_Dog0000","word":"cane","raysOffsetX":30,"raysOffsetY":3},"sound":{"letter":"Letter_A","word":"Word_Apple"}},"d":{"bg":{"texture":"backgrounds_1","frame":"BG_Yellow0000"},"upper":{"texture":"letters_1","frame":"Letter_D_Upper0000","splines":[[{"x":23.5,"y":24.5,"star":false},{"x":23.5,"y":248.5,"star":true}],[{"x":22.5,"y":22.5,"star":false},{"x":62.5,"y":19.5,"star":false},{"x":105.5,"y":23.5,"star":false},{"x":147.5,"y":39.5,"star":false},{"x":173.5,"y":73.5,"star":false},{"x":181.5,"y":111.5,"star":true},{"x":181.5,"y":158.5,"star":false},{"x":173.5,"y":192.5,"star":false},{"x":154.5,"y":222.5,"star":false},{"x":122.5,"y":241.5,"star":false},{"x":76.5,"y":250.5,"star":false},{"x":26.5,"y":249.5,"star":true}]]},"lower":{"texture":"letters_1","frame":"Letter_D_Lower0000","splines":[[{"x":146.5,"y":21.5,"star":false},{"x":146.5,"y":296.5,"star":true}],[{"x":143.5,"y":193.5,"star":false},{"x":110.5,"y":162.5,"star":false},{"x":69.5,"y":156.5,"star":false},{"x":34.5,"y":175.5,"star":true},{"x":20.5,"y":218.5,"star":false},{"x":29.5,"y":261.5,"star":false},{"x":59.5,"y":289.5,"star":false},{"x":100.5,"y":287.5,"star":false},{"x":147.5,"y":249.5,"star":true}]]},"picture":{"texture":"pictures_1","frame":"Item_Dinosaure0000","word":"dinosauro","raysOffsetX":30,"raysOffsetY":0},"sound":{"letter":"Letter_A","word":"Word_Apple"}},"p":{"bg":{"texture":"backgrounds_1","frame":"BG_Blue0000"},"upper":{"texture":"letters_2","frame":"Letter_P_Upper0000","splines":[[{"x":23.2,"y":20.1,"star":false},{"x":23,"y":252.1,"star":true}],[{"x":25.8,"y":19.3,"star":false},{"x":64.4,"y":19,"star":false},{"x":115.8,"y":23,"star":false},{"x":152.3,"y":46.4,"star":true},{"x":159.9,"y":87.5,"star":false},{"x":147.1,"y":125.7,"star":false},{"x":109.2,"y":142.5,"star":false},{"x":62.8,"y":142.5,"star":false},{"x":24.6,"y":146.1,"star":true}]]},"lower":{"texture":"letters_2","frame":"Letter_P_Lower0000","splines":[[{"x":20.2,"y":21.1,"star":false},{"x":21.8,"y":249.1,"star":true}],[{"x":21,"y":54.6,"star":false},{"x":60,"y":27.1,"star":false},{"x":103,"y":17.6,"star":false},{"x":138.1,"y":43.1,"star":false},{"x":149.2,"y":88.7,"star":true},{"x":142.1,"y":140.9,"star":false},{"x":109.3,"y":169.8,"star":false},{"x":61.6,"y":166.2,"star":false},{"x":25.7,"y":139.5,"star":true}]]},"picture":{"texture":"pictures_1","frame":"Item_Balloon0000","word":"palloncino","raysOffsetX":-7,"raysOffsetY":-14},"sound":{"letter":"Letter_A","word":"Word_Apple"}},"a":{"bg":{"texture":"backgrounds_1","frame":"BG_Green0000"},"upper":{"texture":"letters_1","frame":"Letter_A_Upper0000","splines":[[{"x":116.5,"y":19.5,"star":false},{"x":22.5,"y":255.5,"star":true}],[{"x":116.5,"y":19.5,"star":false},{"x":214,"y":255.5,"star":true}],[{"x":52.6,"y":181.5,"star":false},{"x":185,"y":181.5,"star":true}]]},"lower":{"texture":"letters_1","frame":"Letter_A_Lower0000","splines":[[{"x":30.4,"y":35.7,"star":false},{"x":78.9,"y":18.4,"star":false},{"x":125.2,"y":34.6,"star":false},{"x":138.2,"y":73.4,"star":false},{"x":139.2,"y":121.8,"star":false},{"x":139,"y":174,"star":true}],[{"x":139.1,"y":94.8,"star":false},{"x":83.3,"y":91.7,"star":false},{"x":28.3,"y":104.5,"star":false},{"x":26.2,"y":152.8,"star":true},{"x":59.6,"y":175.6,"star":false},{"x":99.4,"y":165.9,"star":false},{"x":138.2,"y":142.2,"star":true}]]},"picture":{"texture":"pictures_1","frame":"Item_Bee0000","word":"ape","raysOffsetX":0,"raysOffsetY":0},"sound":{"letter":"Letter_A","word":"Word_Apple"}},"e":{"bg":{"texture":"backgrounds_1","frame":"BG_Blue0000"},"upper":{"texture":"letters_1","frame":"Letter_E_Upper0000","splines":[[{"x":153.5,"y":21.5,"star":false},{"x":23.5,"y":21.5,"star":true}],[{"x":22,"y":21.5,"star":false},{"x":23,"y":246.5,"star":false}],[{"x":24,"y":247.5,"star":false},{"x":153.5,"y":248.5,"star":true}],[{"x":24,"y":134.5,"star":false},{"x":125.5,"y":134.5,"star":true}]]},"lower":{"texture":"letters_1","frame":"Letter_E_Lower0000","splines":[[{"x":18.5,"y":94.5,"star":false},{"x":148,"y":94.5,"star":true}],[{"x":148.5,"y":92.5,"star":false},{"x":142.5,"y":55.5,"star":false},{"x":110.5,"y":23.5,"star":false},{"x":72.5,"y":17.5,"star":false},{"x":35.5,"y":38.5,"star":false},{"x":18.5,"y":73.5,"star":true},{"x":16.5,"y":110.5,"star":false},{"x":30.5,"y":146.5,"star":false},{"x":63.5,"y":170.5,"star":false},{"x":107.5,"y":172.5,"star":false},{"x":143.5,"y":157.5,"star":true}]]},"picture":{"texture":"pictures_1","frame":"Item_Elephant0000","word":"elefante","raysOffsetX":-7,"raysOffsetY":-9},"sound":{"letter":"Letter_A","word":"Word_Apple"}},"f":{"bg":{"texture":"backgrounds_1","frame":"BG_Red0000"},"upper":{"texture":"letters_1","frame":"Letter_F_Upper0000","splines":[[{"x":23,"y":22.5,"star":false},{"x":23,"y":256.5,"star":true}],[{"x":24.5,"y":22.5,"star":false},{"x":148.5,"y":22.5,"star":true}],[{"x":22.5,"y":136.5,"star":false},{"x":122.5,"y":136.5,"star":true}]]},"lower":{"texture":"letters_1","frame":"Letter_F_Lower0000","splines":[[{"x":101.5,"y":17.5,"star":false},{"x":60.5,"y":35.5,"star":false},{"x":47.5,"y":71.5,"star":false},{"x":46.5,"y":141.5,"star":true},{"x":46.5,"y":198.5,"star":false},{"x":47.5,"y":257.5,"star":true}],[{"x":17.5,"y":110.5,"star":false},{"x":97.5,"y":110.5,"star":true}]]},"picture":{"texture":"pictures_2","frame":"Item_Leaf0000","word":"foglia","raysOffsetX":-20,"raysOffsetY":-22},"sound":{"letter":"Letter_A","word":"Word_Apple"}},"g":{"bg":{"texture":"backgrounds_1","frame":"BG_Purple0000"},"upper":{"texture":"letters_1","frame":"Letter_G_Upper0000","splines":[[{"x":209.5,"y":57.5,"star":false},{"x":163.5,"y":26.5,"star":false},{"x":108.5,"y":21.5,"star":false},{"x":60.5,"y":38.5,"star":false},{"x":33.5,"y":77.5,"star":false},{"x":24.5,"y":123.5,"star":false},{"x":25.5,"y":168.5,"star":false},{"x":37.5,"y":214.5,"star":true},{"x":69.5,"y":249.5,"star":false},{"x":123.5,"y":260.5,"star":false},{"x":173.5,"y":250.5,"star":false},{"x":212,"y":225.5,"star":false},{"x":213.5,"y":158.5,"star":true}],[{"x":214.5,"y":152.5,"star":false},{"x":136.5,"y":152.5,"star":true}]]},"lower":{"texture":"letters_1","frame":"Letter_G_Lower0000","splines":[[{"x":162.5,"y":72.5,"star":false},{"x":129.5,"y":36.5,"star":false},{"x":81.5,"y":22.5,"star":false},{"x":44.5,"y":40.5,"star":false},{"x":24.5,"y":77.5,"star":false},{"x":27.5,"y":130.5,"star":true},{"x":57.5,"y":167.5,"star":false},{"x":106.5,"y":172.5,"star":false},{"x":142.5,"y":147.5,"star":false},{"x":164.5,"y":105,"star":true}],[{"x":160.5,"y":7.5,"star":false},{"x":161.5,"y":248.5,"star":false},{"x":139.5,"y":303.5,"star":false},{"x":104.5,"y":323.5,"star":false},{"x":50.5,"y":315.5,"star":false},{"x":21.5,"y":281.5,"star":true}]]},"picture":{"texture":"pictures_1","frame":"Item_Ice_Cream0000","word":"gelato","raysOffsetX":-7,"raysOffsetY":-27},"sound":{"letter":"Letter_A","word":"Word_Apple"}},"h":{"bg":{"texture":"backgrounds_1","frame":"BG_Green0000"},"upper":{"texture":"letters_1","frame":"Letter_H_Upper0000","splines":[[{"x":23.5,"y":18.5,"star":false},{"x":23.5,"y":254.5,"star":true}],[{"x":25.4,"y":135.1,"star":false},{"x":185.6,"y":136,"star":true}],[{"x":184,"y":19.5,"star":false},{"x":184,"y":256.3,"star":true}]]},"lower":{"texture":"letters_1","frame":"Letter_H_Lower0000","splines":[[{"x":21.5,"y":19.5,"star":false},{"x":21.5,"y":267.5,"star":true}],[{"x":20.5,"y":160.5,"star":false},{"x":58.5,"y":124.5,"star":false},{"x":102.5,"y":116.5,"star":true},{"x":135.5,"y":141.5,"star":false},{"x":140.5,"y":209.5,"star":false},{"x":139.5,"y":267.5,"star":true}]]},"picture":{"texture":"pictures_1","frame":"Item_Hamburger0000","word":"hamburger","raysOffsetX":-7,"raysOffsetY":4},"sound":{"letter":"Letter_A","word":"Word_Apple"}},"i":{"bg":{"texture":"backgrounds_1","frame":"BG_Blue0000"},"upper":{"texture":"letters_1","frame":"Letter_I_Upper0000","splines":[[{"x":42.5,"y":17.5,"star":false},{"x":42.5,"y":260.5,"star":true}],[{"x":15.5,"y":18.5,"star":false},{"x":69,"y":18.5,"star":true}],[{"x":17.5,"y":257.5,"star":false},{"x":67.5,"y":257.5,"star":true}]]},"lower":{"texture":"letters_1","frame":"Letter_I_Lower0000","splines":[[{"x":25.5,"y":91.5,"star":false},{"x":24.5,"y":166.5,"star":true},{"x":25.5,"y":241.5,"star":true}],[{"x":24.5,"y":13.5,"star":false},{"x":24.5,"y":39.5,"star":true}]]},"picture":{"texture":"pictures_1","frame":"Item_Igloo0000","word":"igloo","raysOffsetX":-2,"raysOffsetY":-4},"sound":{"letter":"Letter_A","word":"Word_Apple"}},"l":{"bg":{"texture":"backgrounds_1","frame":"BG_Blue0000"},"upper":{"texture":"letters_1","frame":"Letter_L_Upper0000","splines":[[{"x":23.5,"y":19.5,"star":false},{"x":23.5,"y":149,"star":true},{"x":23.5,"y":253.5,"star":true}],[{"x":24.5,"y":251.5,"star":false},{"x":144.5,"y":251.5,"star":true}]]},"lower":{"texture":"letters_1","frame":"Letter_L_Lower0000","splines":[[{"x":21.5,"y":17.5,"star":false},{"x":21.5,"y":88.5,"star":true},{"x":21.5,"y":154,"star":false},{"x":21,"y":203.1,"star":true},{"x":24.5,"y":252.5,"star":false},{"x":51.5,"y":269.5,"star":true}]]},"picture":{"texture":"pictures_2","frame":"Item_Lemon0000","word":"limone","raysOffsetX":0,"raysOffsetY":0},"sound":{"letter":"Letter_A","word":"Word_Apple"}},"m":{"bg":{"texture":"backgrounds_1","frame":"BG_Red0000"},"upper":{"texture":"letters_1","frame":"Letter_M_Upper0000","splines":[[{"x":22,"y":21.5,"star":false},{"x":22,"y":254.5,"star":true}],[{"x":22.5,"y":19.5,"star":false},{"x":126.5,"y":207.5,"star":false}],[{"x":127.5,"y":207.5,"star":false},{"x":230.5,"y":25.5,"star":true}],[{"x":234,"y":20,"star":false},{"x":232.5,"y":256.5,"star":true}]]},"lower":{"texture":"letters_1","frame":"Letter_M_Lower0000","splines":[[{"x":21.5,"y":19.5,"star":false},{"x":20.5,"y":172.5,"star":true}],[{"x":21.5,"y":46.5,"star":false},{"x":65.5,"y":24.5,"star":false},{"x":108.5,"y":23.5,"star":false},{"x":135,"y":41.5,"star":false},{"x":140.5,"y":80.5,"star":false},{"x":139.5,"y":120.5,"star":false},{"x":141,"y":171.5,"star":true}],[{"x":137.5,"y":51.5,"star":false},{"x":182.5,"y":24.5,"star":false},{"x":228.5,"y":23.5,"star":false},{"x":255.5,"y":48.5,"star":false},{"x":257.5,"y":94.5,"star":false},{"x":258.5,"y":132.5,"star":false},{"x":257.5,"y":170,"star":true}]]},"picture":{"texture":"pictures_1","frame":"Item_Apple0000","word":"mela","raysOffsetX":-4,"raysOffsetY":0},"sound":{"letter":"Letter_A","word":"Word_Apple"}},"n":{"bg":{"texture":"backgrounds_1","frame":"BG_Purple0000"},"upper":{"texture":"letters_2","frame":"Letter_N_Upper0000","splines":[[{"x":23,"y":18.7,"star":false},{"x":23,"y":255.5,"star":true}],[{"x":22.1,"y":20.5,"star":false},{"x":183,"y":254.1,"star":true}],[{"x":183,"y":253.7,"star":false},{"x":182.2,"y":22.1,"star":true}]]},"lower":{"texture":"letters_2","frame":"Letter_N_Lower0000","splines":[[{"x":21.5,"y":19.8,"star":false},{"x":20.7,"y":171.2,"star":true}],[{"x":22.3,"y":53.2,"star":false},{"x":57.4,"y":29.8,"star":false},{"x":102,"y":20.2,"star":false},{"x":132.3,"y":39.6,"star":true},{"x":140.6,"y":82.4,"star":false},{"x":140.3,"y":125.4,"star":false},{"x":140.3,"y":172.8,"star":true}]]},"picture":{"texture":"pictures_2","frame":"Item_Nut0000","word":"noce","raysOffsetX":0,"raysOffsetY":15},"sound":{"letter":"Letter_A","word":"Word_Apple"}},"o":{"bg":{"texture":"backgrounds_1","frame":"BG_Green0000"},"upper":{"texture":"letters_2","frame":"Letter_O_Upper0000","splines":[[{"x":126.5,"y":20.1,"star":false},{"x":83.5,"y":27,"star":false},{"x":49.2,"y":50.9,"star":false},{"x":31.9,"y":83.5,"star":false},{"x":24.5,"y":125,"star":false},{"x":25.6,"y":161.6,"star":true},{"x":30.9,"y":197.5,"star":false},{"x":45.2,"y":225.9,"star":false},{"x":77.1,"y":251.6,"star":false},{"x":120.1,"y":261.2,"star":false},{"x":165.5,"y":255.6,"star":false},{"x":202.2,"y":232.5,"star":false},{"x":223.1,"y":192.7,"star":true},{"x":229.8,"y":145.7,"star":false},{"x":224.7,"y":93.1,"star":false},{"x":200,"y":44.9,"star":false},{"x":159.2,"y":22.2,"star":false},{"x":125.7,"y":19,"star":true}]]},"lower":{"texture":"letters_2","frame":"Letter_O_Lower0000","splines":[[{"x":82.7,"y":20,"star":false},{"x":47.7,"y":30.8,"star":false},{"x":25.3,"y":61,"star":false},{"x":22.6,"y":92.1,"star":false},{"x":21.4,"y":123.2,"star":true},{"x":36.5,"y":153.5,"star":false},{"x":61.2,"y":169.4,"star":false},{"x":94.7,"y":173.4,"star":false},{"x":128.9,"y":161.4,"star":false},{"x":148.1,"y":133.5,"star":true},{"x":152.8,"y":99.7,"star":false},{"x":145.7,"y":57.5,"star":false},{"x":122.5,"y":27.6,"star":false},{"x":85.1,"y":18,"star":true}]]},"picture":{"texture":"pictures_2","frame":"Item_Umbrella0000","word":"ombrello","raysOffsetX":-3,"raysOffsetY":-71},"sound":{"letter":"Letter_A","word":"Word_Apple"}},"q":{"bg":{"texture":"backgrounds_1","frame":"BG_Pink0000"},"upper":{"texture":"letters_2","frame":"Letter_Q_Upper0000","splines":[[{"x":141.7,"y":15.8,"star":false},{"x":187.1,"y":25.8,"star":false},{"x":219,"y":44.9,"star":false},{"x":243.7,"y":77.6,"star":false},{"x":256.4,"y":111.8,"star":false},{"x":258.8,"y":150.8,"star":false},{"x":246.9,"y":188.3,"star":false},{"x":223,"y":222.6,"star":false},{"x":177.5,"y":250.4,"star":false},{"x":133.7,"y":258.4,"star":true},{"x":93.9,"y":251.2,"star":false},{"x":62,"y":231.3,"star":false},{"x":34.9,"y":199.4,"star":false},{"x":21.4,"y":165.2,"star":false},{"x":19.8,"y":123,"star":false},{"x":31.7,"y":77.6,"star":false},{"x":66.8,"y":41.3,"star":false},{"x":107.4,"y":21.8,"star":false},{"x":140.9,"y":15.4,"star":true}],[{"x":191.9,"y":191.8,"star":false},{"x":257.2,"y":258.1,"star":true}]]},"lower":{"texture":"letters_2","frame":"Letter_Q_Lower0000","splines":[[{"x":148.2,"y":97.6,"star":false},{"x":143.5,"y":54.2,"star":false},{"x":115.6,"y":24.7,"star":false},{"x":79.7,"y":18.4,"star":false},{"x":44.7,"y":28.7,"star":false},{"x":23.9,"y":64.6,"star":true},{"x":21.6,"y":109.2,"star":false},{"x":35.1,"y":148.2,"star":false},{"x":66.2,"y":169.8,"star":false},{"x":103.6,"y":166.6,"star":false},{"x":130.7,"y":149,"star":false},{"x":148.2,"y":118,"star":true},{"x":149,"y":177.7,"star":false},{"x":149,"y":212.8,"star":false},{"x":148.2,"y":247.5,"star":true}]]},"picture":{"texture":"pictures_2","frame":"Item_Notebook0000","word":"quaderno","raysOffsetX":0,"raysOffsetY":1},"sound":{"letter":"Letter_A","word":"Word_Apple"}},"r":{"bg":{"texture":"backgrounds_1","frame":"BG_Yellow0000"},"upper":{"texture":"letters_2","frame":"Letter_R_Upper0000","splines":[[{"x":23.2,"y":22.5,"star":false},{"x":22.9,"y":251.3,"star":true}],[{"x":21.8,"y":19.3,"star":false},{"x":68,"y":19.4,"star":false},{"x":113.4,"y":23,"star":false},{"x":147.7,"y":42.1,"star":false},{"x":160.4,"y":82.7,"star":false},{"x":150.1,"y":124.2,"star":false},{"x":117.4,"y":143.3,"star":false},{"x":80,"y":145.7,"star":false},{"x":52.1,"y":144.9,"star":false},{"x":23.4,"y":146.5,"star":true}],[{"x":83.9,"y":144.4,"star":false},{"x":166,"y":253.7,"star":true}]]},"lower":{"texture":"letters_2","frame":"Letter_R_Lower0000","splines":[[{"x":21.5,"y":19.6,"star":false},{"x":21.5,"y":102.5,"star":true},{"x":21.5,"y":169,"star":true}],[{"x":21.6,"y":66.6,"star":false},{"x":40,"y":40.4,"star":false},{"x":64.7,"y":24,"star":false},{"x":89.4,"y":18.4,"star":true}]]},"picture":{"texture":"pictures_2","frame":"Item_Queen0000","word":"regina","raysOffsetX":-5,"raysOffsetY":-26},"sound":{"letter":"Letter_A","word":"Word_Apple"}},"s":{"bg":{"texture":"backgrounds_1","frame":"BG_Blue0000"},"upper":{"texture":"letters_2","frame":"Letter_S_Upper0000","splines":[[{"x":180.6,"y":52.8,"star":false},{"x":154.3,"y":33.3,"star":false},{"x":115.2,"y":20.6,"star":false},{"x":77.8,"y":21.4,"star":false},{"x":48.3,"y":38.1,"star":true},{"x":35.3,"y":66,"star":false},{"x":40.3,"y":97.9,"star":false},{"x":62.7,"y":116.4,"star":false},{"x":99.3,"y":131.3,"star":false},{"x":128.8,"y":142.5,"star":false},{"x":161.1,"y":158.4,"star":true},{"x":180.8,"y":185.5,"star":false},{"x":178.2,"y":223,"star":false},{"x":156.7,"y":249.3,"star":false},{"x":116.8,"y":261.2,"star":false},{"x":73.8,"y":256.4,"star":false},{"x":43.5,"y":240.5,"star":false},{"x":18.8,"y":217.8,"star":true}]]},"lower":{"texture":"letters_2","frame":"Letter_S_Lower0000","splines":[[{"x":125.5,"y":37.3,"star":false},{"x":97.6,"y":21.8,"star":false},{"x":65.7,"y":17.8,"star":false},{"x":37,"y":29.8,"star":false},{"x":26.7,"y":56.9,"star":true},{"x":45,"y":83.2,"star":false},{"x":79.3,"y":95.1,"star":false},{"x":112,"y":109.4,"star":false},{"x":130.3,"y":133.3,"star":true},{"x":115.9,"y":159.6,"star":false},{"x":88,"y":171.6,"star":false},{"x":50.6,"y":170.8,"star":false},{"x":17.9,"y":150.5,"star":true}]]},"picture":{"texture":"pictures_2","frame":"Item_Star0000","word":"stella","raysOffsetX":0,"raysOffsetY":11},"sound":{"letter":"Letter_A","word":"Word_Apple"}},"t":{"bg":{"texture":"backgrounds_1","frame":"BG_Red0000"},"upper":{"texture":"letters_2","frame":"Letter_T_Upper0000","splines":[[{"x":105.5,"y":17.7,"star":false},{"x":105.5,"y":129.7,"star":true},{"x":105.5,"y":251.3,"star":true}],[{"x":19.7,"y":20.3,"star":false},{"x":190.6,"y":22.2,"star":true}]]},"lower":{"texture":"letters_2","frame":"Letter_T_Lower0000","splines":[[{"x":47.7,"y":17.5,"star":false},{"x":47.7,"y":132.3,"star":true},{"x":46.9,"y":172.5,"star":false},{"x":53.3,"y":207.5,"star":false},{"x":82.8,"y":222.7,"star":true}],[{"x":14.3,"y":71.6,"star":false},{"x":90,"y":72.5,"star":true}]]},"picture":{"texture":"pictures_2","frame":"Item_Turtle0000","word":"tartaruga","raysOffsetX":25,"raysOffsetY":29},"sound":{"letter":"Letter_A","word":"Word_Apple"}},"u":{"bg":{"texture":"backgrounds_1","frame":"BG_Purple0000"},"upper":{"texture":"letters_2","frame":"Letter_U_Upper0000","splines":[[{"x":23.2,"y":18.1,"star":false},{"x":23.4,"y":52.1,"star":false},{"x":23.4,"y":86.3,"star":false},{"x":22.6,"y":127.7,"star":false},{"x":23.6,"y":170,"star":false},{"x":26.6,"y":213,"star":true},{"x":43.9,"y":240.9,"star":false},{"x":74.2,"y":255.2,"star":false},{"x":112.5,"y":258.4,"star":false},{"x":149.6,"y":246.5,"star":false},{"x":173.2,"y":216.6,"star":false},{"x":179.1,"y":170.8,"star":true},{"x":178.1,"y":119,"star":false},{"x":177.1,"y":12.5,"star":true}]]},"lower":{"texture":"letters_2","frame":"Letter_U_Lower0000","splines":[[{"x":21.3,"y":17.2,"star":false},{"x":20.5,"y":55.1,"star":false},{"x":21.1,"y":93.3,"star":false},{"x":22.9,"y":130.8,"star":true},{"x":40.5,"y":158.6,"star":false},{"x":77.1,"y":169.8,"star":false},{"x":114.5,"y":161.8,"star":false},{"x":134.2,"y":131.5,"star":true},{"x":137.4,"y":84.5,"star":false},{"x":136.9,"y":18.9,"star":true}]]},"picture":{"texture":"pictures_1","frame":"Item_Egg0000","word":"uovo","raysOffsetX":-26,"raysOffsetY":-39},"sound":{"letter":"Letter_A","word":"Word_Apple"}},"v":{"bg":{"texture":"backgrounds_1","frame":"BG_Green0000"},"upper":{"texture":"letters_2","frame":"Letter_V_Upper0000","splines":[[{"x":21.1,"y":18.7,"star":false},{"x":64.1,"y":133.3,"star":true},{"x":112.7,"y":255.5,"star":true}],[{"x":112.7,"y":252.2,"star":false},{"x":204.3,"y":20.4,"star":true}]]},"lower":{"texture":"letters_2","frame":"Letter_V_Lower0000","splines":[[{"x":18.6,"y":17.8,"star":false},{"x":47.3,"y":86.5,"star":true},{"x":85.5,"y":168.4,"star":true}],[{"x":86.3,"y":167.5,"star":false},{"x":150,"y":19.5,"star":true}]]},"picture":{"texture":"pictures_2","frame":"Item_Vase0000","word":"vaso","raysOffsetX":-5,"raysOffsetY":44},"sound":{"letter":"Letter_A","word":"Word_Apple"}},"z":{"bg":{"texture":"backgrounds_1","frame":"BG_Blue0000"},"upper":{"texture":"letters_2","frame":"Letter_Z_Upper0000","splines":[[{"x":26,"y":20.1,"star":false},{"x":178.2,"y":19.8,"star":true}],[{"x":179.8,"y":21.3,"star":false},{"x":20.4,"y":248.5,"star":true}],[{"x":22.8,"y":246.8,"star":false},{"x":184.6,"y":247.7,"star":true}]]},"lower":{"texture":"letters_2","frame":"Letter_Z_Lower0000","splines":[[{"x":23.3,"y":17.1,"star":false},{"x":126.1,"y":17.3,"star":true}],[{"x":124.5,"y":21.1,"star":false},{"x":17.7,"y":162.3,"star":true}],[{"x":19.3,"y":161.4,"star":false},{"x":128.5,"y":162.3,"star":true}]]},"picture":{"texture":"pictures_2","frame":"Item_Zebra0000","word":"zebra","raysOffsetX":23,"raysOffsetY":45},"sound":{"letter":"Letter_A","word":"Word_Apple"}},"x":{"bg":{"texture":"backgrounds_1","frame":"BG_Pink0000"},"upper":{"texture":"letters_2","frame":"Letter_X_Upper0000","splines":[[{"x":180.8,"y":21,"star":false},{"x":105.1,"y":131.3,"star":true},{"x":21.3,"y":255,"star":true}],[{"x":26.3,"y":21.1,"star":false},{"x":184.8,"y":254.7,"star":true}]]},"lower":{"texture":"letters_2","frame":"Letter_X_Lower0000","splines":[[{"x":134.9,"y":17.8,"star":false},{"x":76.7,"y":92.3,"star":true},{"x":20.1,"y":169.2,"star":true}],[{"x":20.1,"y":18.6,"star":false},{"x":134.9,"y":167.6,"star":true}]]},"picture":{"texture":"pictures_2","frame":"Item_Xylophone0000","word":"xylophone","raysOffsetX":-5,"raysOffsetY":2},"sound":{"letter":"Letter_A","word":"Word_Apple"}}}