{"assets/fonts/KHMMOOL1.ttf":["assets/fonts/KHMMOOL1.ttf"],"assets/fonts/Siemreap.ttf":["assets/fonts/Siemreap.ttf"],"assets/images/logo.png":["assets/images/logo.png"],"assets/json/db.json":["assets/json/db.json"],"packages/cupertino_icons/assets/CupertinoIcons.ttf":["packages/cupertino_icons/assets/CupertinoIcons.ttf"],"packages/fluttertoast/assets/toastify.css":["packages/fluttertoast/assets/toastify.css"],"packages/fluttertoast/assets/toastify.js":["packages/fluttertoast/assets/toastify.js"]}